short_name	frag_cnt	level1	level2	subsystem
si_0000	1198.9	Amino Acids and Derivatives	Alanine, serine, and glycine	Alanine_biosynthesis
si_0001	2284.6	Amino Acids and Derivatives	Alanine, serine, and glycine	Glycine_Biosynthesis
si_0002	17090.8	Amino Acids and Derivatives	Alanine, serine, and glycine	Glycine_and_Serine_Utilization
si_0003	6906.2	Amino Acids and Derivatives	Alanine, serine, and glycine	Glycine_cleavage_system
si_0004	8261.4	Amino Acids and Derivatives	Alanine, serine, and glycine	Serine_Biosynthesis
si_0005	0	Amino Acids and Derivatives	Arginine; urea cycle, polyamines	Anaerobic_Oxidative_Degradation_of_L-Ornithine
si_0006	32501.3	Amino Acids and Derivatives	Arginine; urea cycle, polyamines	Arginine_Biosynthesis_extended
si_0007	687.2	Amino Acids and Derivatives	Arginine; urea cycle, polyamines	Arginine_Deiminase_Pathway
si_0008	3691.5	Amino Acids and Derivatives	Arginine; urea cycle, polyamines	Arginine_and_Ornithine_Degradation
si_0009	1349.5	Amino Acids and Derivatives	Arginine; urea cycle, polyamines	Cyanophycin_Metabolism
si_0010	3612.6	Amino Acids and Derivatives	Arginine; urea cycle, polyamines	Polyamine_Metabolism
si_0011	1260.6	Amino Acids and Derivatives	Arginine; urea cycle, polyamines	Putrescine_utilization_pathways
si_0012	1173.9	Amino Acids and Derivatives	Arginine; urea cycle, polyamines	Urea_decomposition
si_0013	304.7	Amino Acids and Derivatives	Aromatic amino acids and derivatives	Aromatic_amino_acid_degradation
si_0014	102.6	Amino Acids and Derivatives	Aromatic amino acids and derivatives	Aromatic_amino_acid_interconversions_with_aryl_acids
si_0015	0	Amino Acids and Derivatives	Aromatic amino acids and derivatives	Bacilysin_biosynthesis
si_0016	1307.9	Amino Acids and Derivatives	Aromatic amino acids and derivatives	Chorismate:_Intermediate_for_synthesis_of_PAPA_antibiotics,_PABA,_anthranilate,_3-hydroxyanthranilate_and_more.
si_0017	8768.7	Amino Acids and Derivatives	Aromatic amino acids and derivatives	Chorismate_Synthesis
si_0018	9274.7	Amino Acids and Derivatives	Aromatic amino acids and derivatives	Common_Pathway_For_Synthesis_of_Aromatic_Compounds_(DAHP_synthase_to_chorismate)
si_0019	0	Amino Acids and Derivatives	Aromatic amino acids and derivatives	Indole-pyruvate_oxidoreductase_complex
si_0020	1010	Amino Acids and Derivatives	Aromatic amino acids and derivatives	Phenylalanine_and_Tyrosine_Branches_from_Chorismate
si_0021	0	Amino Acids and Derivatives	Aromatic amino acids and derivatives	Tryptophan_catabolism
si_0022	6111.6	Amino Acids and Derivatives	Aromatic amino acids and derivatives	Tryptophan_synthesis
si_0023	32315.7	Amino Acids and Derivatives	Branched-chain amino acids	Branched-Chain_Amino_Acid_Biosynthesis
si_0024	2942.9	Amino Acids and Derivatives	Branched-chain amino acids	Branched_chain_amino_acid_degradation_regulons
si_0025	2323.6	Amino Acids and Derivatives	Branched-chain amino acids	HMG_CoA_Synthesis
si_0026	7764.7	Amino Acids and Derivatives	Branched-chain amino acids	Isoleucine_degradation
si_0027	557.7	Amino Acids and Derivatives	Branched-chain amino acids	Ketoisovalerate_oxidoreductase
si_0028	10557.7	Amino Acids and Derivatives	Branched-chain amino acids	Leucine_Biosynthesis
si_0029	8568.1	Amino Acids and Derivatives	Branched-chain amino acids	Leucine_Degradation_and_HMG-CoA_Metabolism
si_0030	8139.3	Amino Acids and Derivatives	Branched-chain amino acids	Valine_degradation
si_0031	1210.1	Amino Acids and Derivatives	Glutamine, glutamate, aspartate, asparagine; ammonia assimilation	Glutamate_dehydrogenases
si_0032	19454.6	Amino Acids and Derivatives	Glutamine, glutamate, aspartate, asparagine; ammonia assimilation	Glutamine,_Glutamate,_Aspartate_and_Asparagine_Biosynthesis
si_0033	574.2	Amino Acids and Derivatives	Glutamine, glutamate, aspartate, asparagine; ammonia assimilation	Glutamine_synthetases
si_0034	0	Amino Acids and Derivatives	Glutamine, glutamate, aspartate, asparagine; ammonia assimilation	Poly-gamma-glutamate_biosynthesis
si_0035	6260.9	Amino Acids and Derivatives	Histidine Metabolism	Histidine_Biosynthesis
si_0036	110.4	Amino Acids and Derivatives	Histidine Metabolism	Histidine_Degradation
si_0037	16961.5	Amino Acids and Derivatives	Lysine, threonine, methionine, and cysteine	Cysteine_Biosynthesis
si_0038	17023.4	Amino Acids and Derivatives	Lysine, threonine, methionine, and cysteine	Lysine_Biosynthesis_DAP_Pathway
si_0039	1558.5	Amino Acids and Derivatives	Lysine, threonine, methionine, and cysteine	Lysine_biosynthesis_AAA_pathway_2
si_0040	197.4	Amino Acids and Derivatives	Lysine, threonine, methionine, and cysteine	Lysine_degradation
si_0041	535.6	Amino Acids and Derivatives	Lysine, threonine, methionine, and cysteine	Lysine_fermentation
si_0042	141877.6	Amino Acids and Derivatives	Lysine, threonine, methionine, and cysteine	Methionine_Biosynthesis
si_0043	71909.8	Amino Acids and Derivatives	Lysine, threonine, methionine, and cysteine	Methionine_Degradation
si_0044	346.4	Amino Acids and Derivatives	Lysine, threonine, methionine, and cysteine	Methionine_Salvage
si_0045	100.9	Amino Acids and Derivatives	Lysine, threonine, methionine, and cysteine	Threonine_anaerobic_catabolism_gene_cluster
si_0046	12552.4	Amino Acids and Derivatives	Lysine, threonine, methionine, and cysteine	Threonine_and_Homoserine_Biosynthesis
si_0047	1433.7	Amino Acids and Derivatives	Lysine, threonine, methionine, and cysteine	Threonine_degradation
si_0048	1158.2	Amino Acids and Derivatives	Proline and 4-hydroxyproline	A_Hypothetical_Protein_Related_to_Proline_Metabolism
si_0049	3140.8	Amino Acids and Derivatives	Proline and 4-hydroxyproline	Proline,_4-hydroxyproline_uptake_and_utilization
si_0050	2993.2	Amino Acids and Derivatives	Proline and 4-hydroxyproline	Proline_Synthesis
si_0051	145.5	Amino Acids and Derivatives	Unclassified amino acids and derivatives	Creatine_and_Creatinine_Degradation
si_0052	24.6	Amino Acids and Derivatives	Unclassified amino acids and derivatives	L-2-amino-thiazoline-4-carboxylic_acid-Lcysteine_conversion
si_0053	3.3	Amino Acids and Derivatives	Unclassified amino acids and derivatives	Phosphonoalanine_utilization
si_0054	12.7	Carbohydrates	Aminosugars	(GlcNAc)2_Catabolic_Operon
si_0055	4981.9	Carbohydrates	Aminosugars	Chitin_and_N-acetylglucosamine_utilization
si_0056	0	Carbohydrates	Aminosugars	Fructoselysine_(Amadori_product)_utilization_pathway
si_0057	950.7	Carbohydrates	Aminosugars	N-Acetyl-Galactosamine_and_Galactosamine_Utilization
si_0058	0	Carbohydrates	Aminosugars	Neotrehalosadiamine_(NTD)_Biosynthesis_Operon
si_0059	5538	Carbohydrates	CO2 fixation	CO2_uptake,_carboxysome
si_0060	91073.5	Carbohydrates	CO2 fixation	Calvin-Benson_cycle
si_0061	149.7	Carbohydrates	CO2 fixation	Carboxysome
si_0062	7458.6	Carbohydrates	CO2 fixation	Photorespiration_(oxidative_C2_cycle)
si_0063	34223.7	Carbohydrates	Central carbohydrate metabolism	Dehydrogenase_complexes
si_0064	1906.9	Carbohydrates	Central carbohydrate metabolism	Dihydroxyacetone_kinases
si_0065	69731.9	Carbohydrates	Central carbohydrate metabolism	Entner-Doudoroff_Pathway
si_0066	75.2	Carbohydrates	Central carbohydrate metabolism	Ethylmalonyl-CoA_pathway_of_C2_assimilation
si_0067	451.7	Carbohydrates	Central carbohydrate metabolism	Glycolate,_glyoxylate_interconversions
si_0068	130820.7	Carbohydrates	Central carbohydrate metabolism	Glycolysis_and_Gluconeogenesis
si_0069	26559.1	Carbohydrates	Central carbohydrate metabolism	Glycolysis_and_Gluconeogenesis,_including_Archaeal_enzymes
si_0070	20965.1	Carbohydrates	Central carbohydrate metabolism	Glyoxylate_bypass
si_0071	2842	Carbohydrates	Central carbohydrate metabolism	Methylglyoxal_Metabolism
si_0072	0	Carbohydrates	Central carbohydrate metabolism	Particulate_methane_monooxygenase_(pMMO)
si_0073	31969.9	Carbohydrates	Central carbohydrate metabolism	Pentose_phosphate_pathway
si_0074	0.4	Carbohydrates	Central carbohydrate metabolism	Peripheral_Glucose_Catabolism_Pathways
si_0075	65.5	Carbohydrates	Central carbohydrate metabolism	Pyruvate:ferredoxin_oxidoreductase
si_0076	304.9	Carbohydrates	Central carbohydrate metabolism	Pyruvate_Alanine_Serine_Interconversions
si_0077	16324.6	Carbohydrates	Central carbohydrate metabolism	Pyruvate_metabolism_I:_anaplerotic_reactions,_PEP
si_0078	29945.1	Carbohydrates	Central carbohydrate metabolism	Pyruvate_metabolism_II:_acetyl-CoA,_acetogenesis_from_pyruvate
si_0079	0	Carbohydrates	Central carbohydrate metabolism	Soluble_methane_monooxygenase_(sMMO)
si_0080	108815.4	Carbohydrates	Central carbohydrate metabolism	TCA_Cycle
si_0081	698.1	Carbohydrates	Di- and oligosaccharides	Beta-Glucoside_Metabolism
si_0082	2015	Carbohydrates	Di- and oligosaccharides	Fructooligosaccharides(FOS)_and_Raffinose_Utilization
si_0083	2508.1	Carbohydrates	Di- and oligosaccharides	Lactose_and_Galactose_Uptake_and_Utilization
si_0084	247.1	Carbohydrates	Di- and oligosaccharides	Lactose_utilization
si_0085	10561.3	Carbohydrates	Di- and oligosaccharides	Maltose_and_Maltodextrin_Utilization
si_0086	0	Carbohydrates	Di- and oligosaccharides	Melibiose_Utilization
si_0087	56.3	Carbohydrates	Di- and oligosaccharides	Sucrose_utilization
si_0088	0	Carbohydrates	Di- and oligosaccharides	Sucrose_utilization_Shewanella
si_0089	5097.2	Carbohydrates	Di- and oligosaccharides	Trehalose_Biosynthesis
si_0090	1729.2	Carbohydrates	Di- and oligosaccharides	Trehalose_Uptake_and_Utilization
si_0091	0	Carbohydrates	Di- and oligosaccharides	Unknown_oligosaccharide_utilization_Sde_1396
si_0092	4287.4	Carbohydrates	Fermentation	Acetoin,_butanediol_metabolism
si_0093	389.2	Carbohydrates	Fermentation	Acetone_Butanol_Ethanol_Synthesis
si_0094	6844.2	Carbohydrates	Fermentation	Acetyl-CoA_fermentation_to_Butyrate
si_0095	1021.2	Carbohydrates	Fermentation	Butanol_Biosynthesis
si_0096	188.9	Carbohydrates	Fermentation	Fermentations:_Lactate
si_0097	1875.1	Carbohydrates	Fermentation	Fermentations:_Mixed_acid
si_0098	20	Carbohydrates	Glycoside hydrolases	Predicted_carbohydrate_hydrolases
si_0099	224.7	Carbohydrates	Monosaccharides	2-Ketogluconate_Utilization
si_0100	13563.8	Carbohydrates	Monosaccharides	D-Galacturonate_and_D-Glucuronate_Utilization
si_0101	46.5	Carbohydrates	Monosaccharides	D-Sorbitol(D-Glucitol)_and_L-Sorbose_Utilization
si_0102	43.2	Carbohydrates	Monosaccharides	D-Tagatose_and_Galactitol_Utilization
si_0103	98.4	Carbohydrates	Monosaccharides	D-allose_utilization
si_0104	4.5	Carbohydrates	Monosaccharides	D-galactarate,_D-glucarate_and_D-glycerate_catabolism
si_0105	90.5	Carbohydrates	Monosaccharides	D-galactonate_catabolism
si_0106	1620.4	Carbohydrates	Monosaccharides	D-gluconate_and_ketogluconates_metabolism
si_0107	1323.9	Carbohydrates	Monosaccharides	D-ribose_utilization
si_0108	1346.8	Carbohydrates	Monosaccharides	Deoxyribose_and_Deoxynucleoside_Catabolism
si_0109	1224	Carbohydrates	Monosaccharides	Fructose_utilization
si_0110	1	Carbohydrates	Monosaccharides	Hexose_Phosphate_Uptake_System
si_0111	1582.3	Carbohydrates	Monosaccharides	L-Arabinose_utilization
si_0112	1	Carbohydrates	Monosaccharides	L-ascorbate_utilization_(and_related_gene_clusters)
si_0113	18.5	Carbohydrates	Monosaccharides	L-fucose_utilization
si_0114	2.4	Carbohydrates	Monosaccharides	L-fucose_utilization_temp
si_0115	1495.9	Carbohydrates	Monosaccharides	L-rhamnose_utilization
si_0116	1742.1	Carbohydrates	Monosaccharides	Mannose_Metabolism
si_0117	14725.8	Carbohydrates	Monosaccharides	Xylose_utilization
si_0118	0.9	Carbohydrates	One-carbon Metabolism	Formaldehyde_assimilation:_Ribulose_monophosphate_pathway
si_0119	6.6	Carbohydrates	One-carbon Metabolism	Methanogenesis
si_0120	140.5	Carbohydrates	One-carbon Metabolism	Methanogenesis_from_methylated_compounds
si_0121	1464.4	Carbohydrates	One-carbon Metabolism	One-carbon_metabolism_by_tetrahydropterines
si_0122	75590.6	Carbohydrates	One-carbon Metabolism	Serine-glyoxylate_cycle
si_0123	0	Carbohydrates	Organic acids	2-methylcitrate_to_2-methylaconitate_metabolism_cluster
si_0124	78.4	Carbohydrates	Organic acids	Alpha-acetolactate_operon
si_0125	4788.8	Carbohydrates	Organic acids	Glycerate_metabolism
si_0126	614.3	Carbohydrates	Organic acids	Isobutyryl-CoA_to_Propionyl-CoA_Module
si_0127	543.1	Carbohydrates	Organic acids	Lactate_utilization
si_0128	212.2	Carbohydrates	Organic acids	Malonate_decarboxylase
si_0129	1641.1	Carbohydrates	Organic acids	Methylcitrate_cycle
si_0130	840.8	Carbohydrates	Organic acids	Propionate-CoA_to_Succinate_Module
si_0131	1917	Carbohydrates	Organic acids	Propionyl-CoA_to_Succinyl-CoA_Module
si_0132	19.2	Carbohydrates	Organic acids	Tricarballylate_Utilization
si_0133	184.1	Carbohydrates	Polysaccharides	Alpha-Amylase_locus_in_Streptocococcus
si_0134	0	Carbohydrates	Polysaccharides	Cellulosome
si_0135	27786.5	Carbohydrates	Polysaccharides	Glycogen_metabolism
si_0136	0	Carbohydrates	Polysaccharides	Unknown_carbohydrate_utilization_containing_Fructose-bisphosphate_aldolase
si_0137	0.1	Carbohydrates	Polysaccharides	Xyloglucan_Utilization
si_0138	4.1	Carbohydrates	Sugar alcohols	Erythritol_utilization
si_0139	111	Carbohydrates	Sugar alcohols	Ethanolamine_utilization
si_0140	3414	Carbohydrates	Sugar alcohols	Glycerol_and_Glycerol-3-phosphate_Uptake_and_Utilization
si_0141	89	Carbohydrates	Sugar alcohols	Glycerol_fermenation_to_1,3-propanediol
si_0142	1885.3	Carbohydrates	Sugar alcohols	Inositol_catabolism
si_0143	148.1	Carbohydrates	Sugar alcohols	Mannitol_Utilization
si_0144	76	Carbohydrates	Sugar alcohols	Propanediol_utilization
si_0145	0	Carbohydrates	Unclassified carbohydrates	Conserved_cluster_around_inner_membrane_protein_gene_yghQ,_probably_involved_in_polysaccharide_biosynthesis
si_0146	814.2	Carbohydrates	Unclassified carbohydrates	Lacto-N-Biose_I_and_Galacto-N-Biose_Metabolic_Pathway
si_0147	21923.3	Carbohydrates	Unclassified carbohydrates	Sugar_utilization_in_Thermotogales
si_0148	336.6	Carbohydrates	Unclassified carbohydrates	Unknown_carbohydrate_utilization_(_cluster_Ydj_)
si_0149	0	Carbohydrates	Unclassified carbohydrates	Unknown_carbohydrate_utilization_(_cluster_Yeg_)
si_0150	0	Carbohydrates	Unclassified carbohydrates	Unknown_sugar_utilization_(cluster_yphABCDEFG)
si_0151	0	Carbohydrates	Unclassified carbohydrates	VC0266
si_0152	0	Carbohydrates	Unclassified carbohydrates	beta-glucuronide_utilization
si_0153	9680.9	Cell Division and Cell Cycle	Unclassified cell division and cell cycle	Bacterial_Cytoskeleton
si_0154	2069.4	Cell Division and Cell Cycle	Unclassified cell division and cell cycle	Control_of_cell_elongation_-_division_cycle_in_Bacilli
si_0155	116.1	Cell Division and Cell Cycle	Unclassified cell division and cell cycle	Cyanobacterial_Circadian_Clock
si_0156	0.3	Cell Division and Cell Cycle	Unclassified cell division and cell cycle	Heterocyst_formation_in_cyanobacteria
si_0157	0	Cell Division and Cell Cycle	Unclassified cell division and cell cycle	Intracellular_septation_in_Enterobacteria
si_0158	19728.1	Cell Division and Cell Cycle	Unclassified cell division and cell cycle	Macromolecular_synthesis_operon
si_0159	9.7	Cell Division and Cell Cycle	Unclassified cell division and cell cycle	MukBEF_Chromosome_Condensation
si_0160	8237	Cell Division and Cell Cycle	Unclassified cell division and cell cycle	Two_cell_division_clusters_relating_to_chromosome_partitioning
si_0161	460.3	Cell Division and Cell Cycle	Unclassified cell division and cell cycle	YgjD_and_YeaZ
si_0162	657	Cell Wall and Capsule	Capsular and extracellular polysacchrides	Alginate_metabolism
si_0163	0.5	Cell Wall and Capsule	Capsular and extracellular polysacchrides	CMP-N-acetylneuraminate_Biosynthesis
si_0164	4.6	Cell Wall and Capsule	Capsular and extracellular polysacchrides	Capsular_Polysaccharide_(CPS)_of_Campylobacter
si_0165	537.3	Cell Wall and Capsule	Capsular and extracellular polysacchrides	Capsular_Polysaccharides_Biosynthesis_and_Assembly
si_0166	142.3	Cell Wall and Capsule	Capsular and extracellular polysacchrides	Capsular_heptose_biosynthesis
si_0167	0	Cell Wall and Capsule	Capsular and extracellular polysacchrides	Capsular_surface_virulence_antigen_loci
si_0168	0	Cell Wall and Capsule	Capsular and extracellular polysacchrides	Colanic_acid_biosynthesis
si_0169	558.6	Cell Wall and Capsule	Capsular and extracellular polysacchrides	Exopolysaccharide_Biosynthesis
si_0170	0	Cell Wall and Capsule	Capsular and extracellular polysacchrides	Extracellular_Polysaccharide_Biosynthesis_of_Streptococci
si_0171	1	Cell Wall and Capsule	Capsular and extracellular polysacchrides	Legionaminic_Acid_Biosynthesis
si_0172	79.7	Cell Wall and Capsule	Capsular and extracellular polysacchrides	O-Methyl_Phosphoramidate_Capsule_Modification_in_Campylobacter
si_0173	204.8	Cell Wall and Capsule	Capsular and extracellular polysacchrides	Phosphorylcholine_incorporation_in_LPS
si_0174	420.9	Cell Wall and Capsule	Capsular and extracellular polysacchrides	Polysaccharide_deacetylases
si_0175	1	Cell Wall and Capsule	Capsular and extracellular polysacchrides	Pseudaminic_Acid_Biosynthesis
si_0176	4659.3	Cell Wall and Capsule	Capsular and extracellular polysacchrides	Rhamnose_containing_glycans
si_0177	0	Cell Wall and Capsule	Capsular and extracellular polysacchrides	Serotype_determining_Capsular_polysaccharide_biosynthesis_in_Staphylococcus
si_0178	4830.2	Cell Wall and Capsule	Capsular and extracellular polysacchrides	Sialic_Acid_Metabolism
si_0179	2012.1	Cell Wall and Capsule	Capsular and extracellular polysacchrides	Streptococcal_Hyaluronic_Acid_Capsule
si_0180	66.3	Cell Wall and Capsule	Capsular and extracellular polysacchrides	Vibrio_Polysaccharide_(VPS)_Biosynthesis
si_0181	0	Cell Wall and Capsule	Capsular and extracellular polysacchrides	Xanthan_Exopolysaccharide_Biosynthesis_and_Export
si_0182	0.4	Cell Wall and Capsule	Capsular and extracellular polysacchrides	YjbEFGH_Locus_Involved_in_Exopolysaccharide_Production
si_0183	1776.8	Cell Wall and Capsule	Capsular and extracellular polysacchrides	dTDP-rhamnose_synthesis
si_0184	373.5	Cell Wall and Capsule	Cell wall of Mycobacteria	mycolic_acid_synthesis
si_0185	0	Cell Wall and Capsule	Gram-Negative cell wall components	Core_Oligosaccharide_Glycosylation_in_Pseudomonas
si_0186	0	Cell Wall and Capsule	Gram-Negative cell wall components	Inner_membrane_protein_YhjD_and_conserved_cluster_involved_in_LPS_biosynthesis
si_0187	5541.3	Cell Wall and Capsule	Gram-Negative cell wall components	KDO2-Lipid_A_biosynthesis
si_0188	467.7	Cell Wall and Capsule	Gram-Negative cell wall components	LOS_core_oligosaccharide_biosynthesis
si_0189	507.8	Cell Wall and Capsule	Gram-Negative cell wall components	Lipid_A-Ara4N_pathway_(_Polymyxin_resistance_)
si_0190	0	Cell Wall and Capsule	Gram-Negative cell wall components	Lipid_A_modifications
si_0191	330.4	Cell Wall and Capsule	Gram-Negative cell wall components	Lipopolysaccharide-related_cluster_in_Alphaproteobacteria
si_0192	1052.3	Cell Wall and Capsule	Gram-Negative cell wall components	Lipopolysaccharide_assembly
si_0193	214.5	Cell Wall and Capsule	Gram-Negative cell wall components	Lipoprotein_sorting_system
si_0194	2416.5	Cell Wall and Capsule	Gram-Negative cell wall components	Major_Outer_Membrane_Proteins
si_0195	387.5	Cell Wall and Capsule	Gram-Negative cell wall components	Outer_membrane
si_0196	0.9	Cell Wall and Capsule	Gram-Negative cell wall components	Perosamine_Synthesis_Vibrio
si_0197	228.5	Cell Wall and Capsule	Gram-Negative cell wall components	Vibrio_Core_Oligosaccharide_Biosynthesis
si_0198	27.7	Cell Wall and Capsule	Gram-Positive cell wall components	Anthrose_Biosynthesis
si_0199	55.2	Cell Wall and Capsule	Gram-Positive cell wall components	D-Alanyl_Lipoteichoic_Acid_Biosynthesis
si_0200	1160.5	Cell Wall and Capsule	Gram-Positive cell wall components	Polyglycerolphosphate_lipoteichoic_acid_biosynthesis
si_0201	0.5	Cell Wall and Capsule	Gram-Positive cell wall components	Sortase
si_0202	283	Cell Wall and Capsule	Gram-Positive cell wall components	Teichoic_and_lipoteichoic_acids_biosynthesis
si_0203	363	Cell Wall and Capsule	Gram-Positive cell wall components	Teichuronic_acid_biosynthesis
si_0204	6460	Cell Wall and Capsule	Unclassified cell wall and capsule	Murein_Hydrolases
si_0205	18662.3	Cell Wall and Capsule	Unclassified cell wall and capsule	Peptidoglycan_Biosynthesis
si_0206	0	Cell Wall and Capsule	Unclassified cell wall and capsule	Peptidoglycan_Crosslinking_of_Peptide_Stems
si_0207	414.3	Cell Wall and Capsule	Unclassified cell wall and capsule	Peptidoglycan_biosynthesis--gjo
si_0208	1505.9	Cell Wall and Capsule	Unclassified cell wall and capsule	Recycling_of_Peptidoglycan_Amino_Acids
si_0209	88.5	Cell Wall and Capsule	Unclassified cell wall and capsule	Recycling_of_Peptidoglycan_Amino_Sugars
si_0210	4139.9	Cell Wall and Capsule	Unclassified cell wall and capsule	UDP-N-acetylmuramate_from_Fructose-6-phosphate_Biosynthesis
si_0211	316	Cell Wall and Capsule	Unclassified cell wall and capsule	YjeE
si_0212	0	Cell Wall and Capsule	Unclassified cell wall and capsule	tRNA-dependent_amino_acid_transfers
si_0213	812	Clustering-based subsystems	Biosynthesis of galactoglycans and related lipopolysacharides	CBSS-258594.1.peg.3339
si_0214	6.7	Clustering-based subsystems	Biosynthesis of galactoglycans and related lipopolysacharides	CBSS-376686.6.peg.291
si_0215	776.7	Clustering-based subsystems	CRISPRs and associated hypotheticals	CBSS-216592.1.peg.3534
si_0216	0	Clustering-based subsystems	Carbohydrates	Beta-lactamase_cluster_in_Streptococcus
si_0217	574	Clustering-based subsystems	Carbohydrates	Cluster_Ytf_and_putative_sugar_transporter
si_0218	0	Clustering-based subsystems	Carbohydrates	Predicted_mycobacterial_monooxygenase
si_0219	535.2	Clustering-based subsystems	Carbohydrates	Putative_sugar_ABC_transporter_(ytf_cluster)
si_0220	330	Clustering-based subsystems	Carotenoid biosynthesis	CBSS-320388.3.peg.3759
si_0221	84.2	Clustering-based subsystems	Catabolism of an unknown compound	CBSS-262316.1.peg.2929
si_0222	201.9	Clustering-based subsystems	Cell Division	CBSS-393130.3.peg.794
si_0223	3163.1	Clustering-based subsystems	Cell Division	Cell_Division_Cluster
si_0224	0	Clustering-based subsystems	Chemotaxis, response regulators	CBSS-323850.3.peg.3142
si_0225	536.3	Clustering-based subsystems	Choline bitartrate degradation, putative	CBSS-344610.3.peg.2335
si_0226	0	Clustering-based subsystems	Chromosome Replication	SeqA_and_Co-occurring_Genes
si_0227	2306.5	Clustering-based subsystems	Clustering-based subsystems	CBSS-262719.3.peg.410
si_0228	94.5	Clustering-based subsystems	Clustering-based subsystems	CBSS-280355.3.peg.2835
si_0229	2.8	Clustering-based subsystems	Clustering-based subsystems	CBSS-292415.3.peg.2341
si_0230	60.1	Clustering-based subsystems	Clustering-based subsystems	Putative_diaminopropionate_ammonia-lyase_cluster
si_0231	17.3	Clustering-based subsystems	Clustering-based subsystems	Sporulation-related_Hypotheticals
si_0232	2743.8	Clustering-based subsystems	Cytochrome biogenesis	CBSS-196164.1.peg.1690
si_0233	2117.5	Clustering-based subsystems	Cytochrome biogenesis	CBSS-196164.1.peg.461
si_0234	84.6	Clustering-based subsystems	D-tyrosyl-tRNA(Tyr) deacylase (EC 3.1.-.-) cluster	CBSS-342610.3.peg.283
si_0235	0	Clustering-based subsystems	DNA metabolism	CBSS-269801.1.peg.2186
si_0236	4210.8	Clustering-based subsystems	DNA polymerase III epsilon cluster	CBSS-342610.3.peg.1536
si_0237	1886.1	Clustering-based subsystems	Fatty acid metabolic cluster	CBSS-246196.1.peg.364
si_0238	12.5	Clustering-based subsystems	Flagella protein?	CBSS-323098.3.peg.2823
si_0239	177.5	Clustering-based subsystems	Hypothetical Related to Dihydroorate Dehydrogenase	Hypothetical_Related_to_Dihydroorotate_dehydrogenase
si_0240	0.5	Clustering-based subsystems	Hypothetical associated with RecF	Hypothetical_Coupled_to_RecF
si_0241	320.6	Clustering-based subsystems	Hypothetical in Lysine biosynthetic cluster	CBSS-323850.3.peg.3269
si_0242	214.7	Clustering-based subsystems	Hypothetical lipase related to Phosphatidate metabolism	CBSS-316407.3.peg.1371
si_0243	1404.3	Clustering-based subsystems	Hypothetical protein possible functionally linked with Alanyl-tRNA synthetase	CBSS-257314.1.peg.488
si_0244	5255.8	Clustering-based subsystems	Isoprenoid/cell wall biosynthesis: PREDICTED UNDECAPRENYL DIPHOSPHATE PHOSPHATASE	CBSS-83331.1.peg.3039
si_0245	0	Clustering-based subsystems	Lysine Biosynthesis	A_Glutathione-dependent_Thiol_Reductase_Associated_with_a_Step_in_Lysine_Biosynthesis
si_0246	2654.2	Clustering-based subsystems	Lysine, threonine, methionine, and cysteine	CBSS-84588.1.peg.1247
si_0247	10.3	Clustering-based subsystems	Lysine, threonine, methionine, and cysteine	YeiH
si_0248	0.3	Clustering-based subsystems	Membrane-bound hydrogenase	CBSS-69014.3.peg.2094
si_0249	99.2	Clustering-based subsystems	Methylamine utilization	CBSS-265072.7.peg.546
si_0250	123	Clustering-based subsystems	Molybdopterin oxidoreductase	CBSS-269799.3.peg.2220
si_0251	14.3	Clustering-based subsystems	Monosaccharides	Unspecified_monosaccharide_transport_cluster
si_0252	113.2	Clustering-based subsystems	Nucleotidyl-phosphate metabolic cluster	CBSS-222523.1.peg.1311
si_0253	111.6	Clustering-based subsystems	Pigment biosynthesis	CBSS-176299.3.peg.235
si_0254	992.9	Clustering-based subsystems	Probably GTP or GMP signaling related	CBSS-176299.4.peg.1292
si_0255	3032.1	Clustering-based subsystems	Probably Pyrimidine biosynthesis-related	CBSS-306254.1.peg.1508
si_0256	85.2	Clustering-based subsystems	Probably Ybbk-related hypothetical membrane proteins	CBSS-316057.3.peg.659
si_0257	196.8	Clustering-based subsystems	Probably organic hydroperoxide resistance related hypothetical protein	CBSS-269482.1.peg.1294
si_0258	9803.1	Clustering-based subsystems	Proteasome related clusters	Proteasome_subunit_alpha_archaeal_cluster
si_0259	1801	Clustering-based subsystems	Protein export?	CBSS-393121.3.peg.2760
si_0260	15.3	Clustering-based subsystems	Putative GGDEF domain protein related to agglutinin secretion	CBSS-323850.3.peg.3284
si_0261	4	Clustering-based subsystems	Putative Isoquinoline 1-oxidoreductase subunit	CBSS-314267.3.peg.390
si_0262	1624.6	Clustering-based subsystems	Putative asociate of RNA polymerase sigma-54 factor rpoN	CBSS-316057.3.peg.1308
si_0263	174	Clustering-based subsystems	Putrescine/GABA utilization cluster-temporal,to add to SSs	GABA_and_putrescine_metabolism_from_cluters
si_0264	3.3	Clustering-based subsystems	Pyruvate kinase associated cluster	CBSS-288000.5.peg.1793
si_0265	34.2	Clustering-based subsystems	Recombination related cluster	CBSS-198094.1.peg.4426
si_0266	3.3	Clustering-based subsystems	Related to Menaquinone-cytochrome C reductase 	CBSS-393130.3.peg.129
si_0267	2964.8	Clustering-based subsystems	Ribosomal Protein L28P relates to a set of uncharacterized proteins	A_Gram-positive_cluster_that_relates_ribosomal_protein_L28P_to_a_set_of_uncharacterized_proteins
si_0268	200.3	Clustering-based subsystems	Ribosome-related cluster	A_Gammaproteobacteria_Cluster_Relating_to_Translation
si_0269	566.2	Clustering-based subsystems	Sarcosine oxidase	CBSS-188.1.peg.6170
si_0270	0	Clustering-based subsystems	Shiga toxin cluster	CBSS-194948.1.peg.143
si_0271	304.7	Clustering-based subsystems	Sulfatases and sulfatase modifying factor 1 (and a hypothetical)	Sulfatases_and_sulfatase_modifying_factor_1
si_0272	235.8	Clustering-based subsystems	Three hypotheticals linked to lipoprotein biosynthesis	CBSS-188.1.peg.9880
si_0273	5711.2	Clustering-based subsystems	TldD cluster	CBSS-354.1.peg.2917
si_0274	34.7	Clustering-based subsystems	Translation	CBSS-243265.1.peg.198
si_0275	29.7	Clustering-based subsystems	Translation	CBSS-326442.4.peg.1852
si_0276	95.5	Clustering-based subsystems	Tricarboxylate transporter	CBSS-49338.1.peg.459
si_0277	96.8	Clustering-based subsystems	Two related proteases	CBSS-257314.1.peg.676
si_0278	12.1	Clustering-based subsystems	Type III secretion system, extended	Type_III_secretion_systems,_extended
si_0279	38322	Clustering-based subsystems	Unclassified clustering-based subsystems	Bacterial_Cell_Division
si_0280	8698.7	Clustering-based subsystems	Unclassified clustering-based subsystems	Bacterial_RNA-metabolizing_Zn-dependent_hydrolases
si_0281	11515.2	Clustering-based subsystems	Unclassified clustering-based subsystems	CBSS-138119.3.peg.2719
si_0282	15.8	Clustering-based subsystems	Unclassified clustering-based subsystems	CBSS-159087.4.peg.2189
si_0283	114.8	Clustering-based subsystems	Unclassified clustering-based subsystems	CBSS-160492.1.peg.550
si_0284	656.1	Clustering-based subsystems	Unclassified clustering-based subsystems	CBSS-176279.3.peg.1262
si_0285	1654	Clustering-based subsystems	Unclassified clustering-based subsystems	CBSS-176279.3.peg.868
si_0286	973.5	Clustering-based subsystems	Unclassified clustering-based subsystems	CBSS-176280.1.peg.1561
si_0287	619.5	Clustering-based subsystems	Unclassified clustering-based subsystems	CBSS-196620.1.peg.2477
si_0288	0	Clustering-based subsystems	Unclassified clustering-based subsystems	CBSS-214092.1.peg.3450
si_0289	37.4	Clustering-based subsystems	Unclassified clustering-based subsystems	CBSS-224911.1.peg.435
si_0290	4208.8	Clustering-based subsystems	Unclassified clustering-based subsystems	CBSS-228410.1.peg.134
si_0291	8	Clustering-based subsystems	Unclassified clustering-based subsystems	CBSS-235.1.peg.567
si_0292	0	Clustering-based subsystems	Unclassified clustering-based subsystems	CBSS-243277.1.peg.4359
si_0293	207.2	Clustering-based subsystems	Unclassified clustering-based subsystems	CBSS-251221.1.peg.1863
si_0294	13.8	Clustering-based subsystems	Unclassified clustering-based subsystems	CBSS-257314.1.peg.752
si_0295	1164.4	Clustering-based subsystems	Unclassified clustering-based subsystems	CBSS-261594.1.peg.2640
si_0296	44.6	Clustering-based subsystems	Unclassified clustering-based subsystems	CBSS-266117.6.peg.2476
si_0297	268.1	Clustering-based subsystems	Unclassified clustering-based subsystems	CBSS-269801.1.peg.1715
si_0298	5.3	Clustering-based subsystems	Unclassified clustering-based subsystems	CBSS-269801.1.peg.1725
si_0299	2500.8	Clustering-based subsystems	Unclassified clustering-based subsystems	CBSS-281090.3.peg.464
si_0300	71	Clustering-based subsystems	Unclassified clustering-based subsystems	CBSS-288681.3.peg.1039
si_0301	566.2	Clustering-based subsystems	Unclassified clustering-based subsystems	CBSS-290633.1.peg.1906
si_0302	49.6	Clustering-based subsystems	Unclassified clustering-based subsystems	CBSS-291331.3.peg.3674
si_0303	6421.4	Clustering-based subsystems	Unclassified clustering-based subsystems	CBSS-296591.1.peg.2330
si_0304	1968.9	Clustering-based subsystems	Unclassified clustering-based subsystems	CBSS-312309.3.peg.1965
si_0305	138.2	Clustering-based subsystems	Unclassified clustering-based subsystems	CBSS-314269.3.peg.1840
si_0306	1842.9	Clustering-based subsystems	Unclassified clustering-based subsystems	CBSS-316057.3.peg.3521
si_0307	860.6	Clustering-based subsystems	Unclassified clustering-based subsystems	CBSS-316057.3.peg.563
si_0308	0	Clustering-based subsystems	Unclassified clustering-based subsystems	CBSS-316273.3.peg.227
si_0309	0.1	Clustering-based subsystems	Unclassified clustering-based subsystems	CBSS-316273.3.peg.2378
si_0310	34.7	Clustering-based subsystems	Unclassified clustering-based subsystems	CBSS-316273.3.peg.2709
si_0311	11.7	Clustering-based subsystems	Unclassified clustering-based subsystems	CBSS-316273.3.peg.448
si_0312	151	Clustering-based subsystems	Unclassified clustering-based subsystems	CBSS-316273.3.peg.922
si_0313	67	Clustering-based subsystems	Unclassified clustering-based subsystems	CBSS-316279.3.peg.746
si_0314	0	Clustering-based subsystems	Unclassified clustering-based subsystems	CBSS-316407.3.peg.2816
si_0315	625.5	Clustering-based subsystems	Unclassified clustering-based subsystems	CBSS-320372.3.peg.6046
si_0316	475.3	Clustering-based subsystems	Unclassified clustering-based subsystems	CBSS-323097.3.peg.2594
si_0317	135.5	Clustering-based subsystems	Unclassified clustering-based subsystems	CBSS-342610.3.peg.1794
si_0318	314.1	Clustering-based subsystems	Unclassified clustering-based subsystems	CBSS-345072.3.peg.1318
si_0319	8723.5	Clustering-based subsystems	Unclassified clustering-based subsystems	CBSS-350688.3.peg.1509
si_0320	0	Clustering-based subsystems	Unclassified clustering-based subsystems	CBSS-370552.3.peg.1240
si_0321	26.1	Clustering-based subsystems	Unclassified clustering-based subsystems	CBSS-393121.3.peg.1913
si_0322	0.5	Clustering-based subsystems	Unclassified clustering-based subsystems	CBSS-393124.3.peg.2657
si_0323	0	Clustering-based subsystems	Unclassified clustering-based subsystems	CBSS-393131.3.peg.612
si_0324	176.8	Clustering-based subsystems	Unclassified clustering-based subsystems	CBSS-393133.3.peg.2787
si_0325	0	Clustering-based subsystems	Unclassified clustering-based subsystems	CBSS-562.2.peg.5158_SK3_including
si_0326	129.7	Clustering-based subsystems	Unclassified clustering-based subsystems	CBSS-56780.10.peg.1536
si_0327	418.1	Clustering-based subsystems	Unclassified clustering-based subsystems	CBSS-630.2.peg.3360
si_0328	149.6	Clustering-based subsystems	Unclassified clustering-based subsystems	CBSS-83332.1.peg.3803
si_0329	0	Clustering-based subsystems	Unclassified clustering-based subsystems	CBSS-83333.1.peg.946
si_0330	2021.4	Clustering-based subsystems	Unclassified clustering-based subsystems	CBSS-87626.3.peg.3639
si_0331	23026.1	Clustering-based subsystems	Unclassified clustering-based subsystems	Cell_division-ribosomal_stress_proteins_cluster
si_0332	0	Clustering-based subsystems	Unclassified clustering-based subsystems	Conserved_cluster_around_acetyltransferase_YpeA_in_Enterobacteria
si_0333	213.3	Clustering-based subsystems	Unclassified clustering-based subsystems	Conserved_cluster_in_Enterobacteriaceae_downstream_from_YqjA,_a_DedA_family_protein
si_0334	7975.5	Clustering-based subsystems	Unclassified clustering-based subsystems	Conserved_gene_cluster_associated_with_Met-tRNA_formyltransferase
si_0335	821.5	Clustering-based subsystems	Unclassified clustering-based subsystems	EC49-61
si_0336	520.7	Clustering-based subsystems	Unclassified clustering-based subsystems	EC699-706
si_0337	1846.4	Clustering-based subsystems	Unclassified clustering-based subsystems	KH_domain_RNA_binding_protein_YlqC
si_0338	34.1	Clustering-based subsystems	Unclassified clustering-based subsystems	LMPTP_YfkJ_cluster
si_0339	1564.1	Clustering-based subsystems	Unclassified clustering-based subsystems	LMPTP_YwlE_cluster
si_0340	11363.8	Clustering-based subsystems	Unclassified clustering-based subsystems	NusA-TFII_Cluster
si_0341	0.4	Clustering-based subsystems	Unclassified clustering-based subsystems	PA0057_cluster
si_0342	55	Clustering-based subsystems	Unclassified clustering-based subsystems	Putative_hemin_transporter
si_0343	25.7	Clustering-based subsystems	Unclassified clustering-based subsystems	Putative_sulfate_assimilation_cluster
si_0344	1751.5	Clustering-based subsystems	Unclassified clustering-based subsystems	Spore_Coat
si_0345	27.7	Clustering-based subsystems	Unclassified clustering-based subsystems	Staphylococcus_aureus_hypothetical_repetitive_gene_loci
si_0346	0	Clustering-based subsystems	Unclassified clustering-based subsystems	USS-DB-1
si_0347	1.7	Clustering-based subsystems	Unclassified clustering-based subsystems	USS-DB-2
si_0348	0	Clustering-based subsystems	Unclassified clustering-based subsystems	USS-DB-4
si_0349	17.3	Clustering-based subsystems	Unclassified clustering-based subsystems	USS-DB-6
si_0350	14344.1	Clustering-based subsystems	Unclassified clustering-based subsystems	USS-DB-7
si_0351	0	Clustering-based subsystems	Unclassified clustering-based subsystems	Yfa_cluster
si_0352	33	Clustering-based subsystems	Urate degradation	CBSS-205922.3.peg.1809
si_0353	7.8	Clustering-based subsystems	alpha-proteobacterial cluster of hypotheticals	CBSS-52598.3.peg.2843
si_0354	3350.3	Clustering-based subsystems	proteosome related	Cluster-based_Subsystem_Grouping_Hypotheticals_-_perhaps_Proteosome_Related
si_0355	6.7	Clustering-based subsystems	recX and regulatory cluster	CBSS-261594.1.peg.788
si_0356	775.5	Clustering-based subsystems	tRNA sulfuration	CBSS-89187.3.peg.2957
si_0357	7608.8	Cofactors, Vitamins, Prosthetic Groups, Pigments	Biotin	Biotin_biosynthesis
si_0358	7113	Cofactors, Vitamins, Prosthetic Groups, Pigments	Coenzyme A	Coenzyme_A_Biosynthesis
si_0359	408	Cofactors, Vitamins, Prosthetic Groups, Pigments	Coenzyme B	Coenzyme_B_synthesis
si_0360	382.7	Cofactors, Vitamins, Prosthetic Groups, Pigments	Coenzyme F420	Coenzyme_F420_synthesis
si_0361	0	Cofactors, Vitamins, Prosthetic Groups, Pigments	Coenzyme M	coenzyme_M_biosynthesis
si_0362	28321.5	Cofactors, Vitamins, Prosthetic Groups, Pigments	Folate and pterines	5-FCL-like_protein
si_0363	8355.8	Cofactors, Vitamins, Prosthetic Groups, Pigments	Folate and pterines	Folate_Biosynthesis
si_0364	0	Cofactors, Vitamins, Prosthetic Groups, Pigments	Folate and pterines	Methanopterin_biosynthesis2
si_0365	1776.4	Cofactors, Vitamins, Prosthetic Groups, Pigments	Folate and pterines	Molybdenum_cofactor_biosynthesis
si_0366	886.3	Cofactors, Vitamins, Prosthetic Groups, Pigments	Folate and pterines	Pterin_biosynthesis
si_0367	372.7	Cofactors, Vitamins, Prosthetic Groups, Pigments	Folate and pterines	Pterin_carbinolamine_dehydratase
si_0368	7	Cofactors, Vitamins, Prosthetic Groups, Pigments	Folate and pterines	Pterin_metabolism
si_0369	900.4	Cofactors, Vitamins, Prosthetic Groups, Pigments	Folate and pterines	Pterin_metabolism_3
si_0370	0	Cofactors, Vitamins, Prosthetic Groups, Pigments	Folate and pterines	methanopterin_biosynthesis
si_0371	148	Cofactors, Vitamins, Prosthetic Groups, Pigments	Folate and pterines	p-Aminobenzoyl-Glutamate_Utilization
si_0372	2448	Cofactors, Vitamins, Prosthetic Groups, Pigments	Lipoic acid	Lipoic_acid_metabolism
si_0373	1735	Cofactors, Vitamins, Prosthetic Groups, Pigments	NAD and NADP	NAD_and_NADP_cofactor_biosynthesis_global
si_0374	0	Cofactors, Vitamins, Prosthetic Groups, Pigments	NAD and NADP	NAD_consumption
si_0375	646.3	Cofactors, Vitamins, Prosthetic Groups, Pigments	NAD and NADP	NAD_regulation
si_0376	0	Cofactors, Vitamins, Prosthetic Groups, Pigments	Pyridoxine	Pyridoxin(Vitamin_B6)_Degradation_Pathway
si_0377	53781.1	Cofactors, Vitamins, Prosthetic Groups, Pigments	Pyridoxine	Pyridoxin_(Vitamin_B6)_Biosynthesis
si_0378	47.2	Cofactors, Vitamins, Prosthetic Groups, Pigments	Quinone cofactors	Coenzyme_PQQ_synthesis
si_0379	152.3	Cofactors, Vitamins, Prosthetic Groups, Pigments	Quinone cofactors	Menaquinone_Biosynthesis_via_Futalosine_--_gjo
si_0380	679.6	Cofactors, Vitamins, Prosthetic Groups, Pigments	Quinone cofactors	Menaquinone_and_Phylloquinone_Biosynthesis
si_0381	248.3	Cofactors, Vitamins, Prosthetic Groups, Pigments	Quinone cofactors	Plastoquinone_Biosynthesis
si_0382	47.2	Cofactors, Vitamins, Prosthetic Groups, Pigments	Quinone cofactors	Pyrroloquinoline_Quinone_biosynthesis
si_0383	247.3	Cofactors, Vitamins, Prosthetic Groups, Pigments	Quinone cofactors	Tocopherol_Biosynthesis
si_0384	4047.2	Cofactors, Vitamins, Prosthetic Groups, Pigments	Quinone cofactors	Ubiquinone_Biosynthesis
si_0385	0	Cofactors, Vitamins, Prosthetic Groups, Pigments	Riboflavin, FMN, FAD	Flavodoxin
si_0386	794.1	Cofactors, Vitamins, Prosthetic Groups, Pigments	Riboflavin, FMN, FAD	Riboflavin,_FMN_and_FAD_metabolism
si_0387	440.1	Cofactors, Vitamins, Prosthetic Groups, Pigments	Riboflavin, FMN, FAD	riboflavin_to_FAD
si_0388	0	Cofactors, Vitamins, Prosthetic Groups, Pigments	Tetrapyrroles	Bilin_Biosynthesis
si_0389	5264.9	Cofactors, Vitamins, Prosthetic Groups, Pigments	Tetrapyrroles	Chlorophyll_Biosynthesis
si_0390	25	Cofactors, Vitamins, Prosthetic Groups, Pigments	Tetrapyrroles	Chlorophyll_Degradation
si_0391	1566.2	Cofactors, Vitamins, Prosthetic Groups, Pigments	Tetrapyrroles	Cobalamin_synthesis
si_0392	4323.9	Cofactors, Vitamins, Prosthetic Groups, Pigments	Tetrapyrroles	Coenzyme_B12_biosynthesis
si_0393	8724.2	Cofactors, Vitamins, Prosthetic Groups, Pigments	Tetrapyrroles	Heme_and_Siroheme_Biosynthesis
si_0394	5.2	Cofactors, Vitamins, Prosthetic Groups, Pigments	Tetrapyrroles	Heme_biosynthesis_orphans
si_0395	19.7	Cofactors, Vitamins, Prosthetic Groups, Pigments	Unclassified cofactors, vitamins, prosthetic groups, pigments	Molybdopterin_cytosine_dinucleotide
si_0396	8977.7	Cofactors, Vitamins, Prosthetic Groups, Pigments	Unclassified cofactors, vitamins, prosthetic groups, pigments	Thiamin_biosynthesis
si_0397	857.7	DNA Metabolism	CRISPs	CRISPRs
si_0398	2	DNA Metabolism	CRISPs	CRISP_Cmr_Cluster
si_0399	125	DNA Metabolism	DNA recombination	DNA_recombination,_archaeal
si_0400	829.1	DNA Metabolism	DNA recombination	RuvABC_plus_a_hypothetical
si_0401	0.5	DNA Metabolism	DNA repair	2-phosphoglycolate_salvage
si_0402	2856.6	DNA Metabolism	DNA repair	ATP-dependent_Nuclease
si_0403	3430.4	DNA Metabolism	DNA repair	DNA_Repair_Base_Excision
si_0404	1405.1	DNA Metabolism	DNA repair	DNA_repair,_UvrABC_system
si_0405	13857	DNA Metabolism	DNA repair	DNA_repair,_bacterial
si_0406	566.2	DNA Metabolism	DNA repair	DNA_repair,_bacterial_DinG_and_relatives
si_0407	2452	DNA Metabolism	DNA repair	DNA_repair,_bacterial_MutL-MutS_system
si_0408	1127.6	DNA Metabolism	DNA repair	DNA_repair,_bacterial_RecBCD_pathway
si_0409	13359.4	DNA Metabolism	DNA repair	DNA_repair,_bacterial_RecFOR_pathway
si_0410	106.1	DNA Metabolism	DNA repair	DNA_repair,_bacterial_UmuCD_system
si_0411	2209.5	DNA Metabolism	DNA repair	DNA_repair,_bacterial_UvrD_and_related_helicases
si_0412	555.2	DNA Metabolism	DNA repair	DNA_repair,_bacterial_photolyase
si_0413	219.9	DNA Metabolism	DNA repair	Nonhomologous_End-Joining_in_Bacteria
si_0414	386.2	DNA Metabolism	DNA repair	Uracil-DNA_glycosylase
si_0415	16269.7	DNA Metabolism	DNA replication	DNA-replication
si_0416	0	DNA Metabolism	DNA replication	DNA_Helicase_of_Unknown_Function
si_0417	5984.2	DNA Metabolism	DNA replication	DNA_replication,_archaeal
si_0418	479.4	DNA Metabolism	DNA replication	DNA_topoisomerases,_Type_I,_ATP-independent
si_0419	2337.7	DNA Metabolism	DNA replication	DNA_topoisomerases,_Type_II,_ATP-dependent
si_0420	11.1	DNA Metabolism	DNA replication	Plasmid_replication
si_0421	39.2	DNA Metabolism	DNA uptake, competence	Competence_in_Streptococci
si_0422	9834.1	DNA Metabolism	DNA uptake, competence	DNA_processing_cluster
si_0423	1	DNA Metabolism	DNA uptake, competence	Gram_Positive_Competence
si_0424	0	DNA Metabolism	DNA uptake, competence	Natural_DNA_Transformation_in_Vibrio
si_0425	101.4	DNA Metabolism	Unclassified dna metabolism	DNA_phosphorothioation
si_0426	19	DNA Metabolism	Unclassified dna metabolism	DNA_structural_proteins,_bacterial
si_0427	0	DNA Metabolism	Unclassified dna metabolism	Nucleoid-associated_proteins_in_Bacteria
si_0428	58.9	DNA Metabolism	Unclassified dna metabolism	Restriction-Modification_System
si_0429	41.3	DNA Metabolism	Unclassified dna metabolism	Type_I_Restriction-Modification
si_0430	155	DNA Metabolism	Unclassified dna metabolism	YcfH
si_0431	0	Dormancy and Sporulation	Spore DNA protection	Dipicolinate_Synthesis
si_0432	0	Dormancy and Sporulation	Spore DNA protection	Small_acid-soluble_spore_proteins
si_0433	9.3	Dormancy and Sporulation	Unclassified dormancy and sporulation	Bacillus_Sporulation_Killing_Factor_A_Biosynthetic_Cluster
si_0434	1.3	Dormancy and Sporulation	Unclassified dormancy and sporulation	Bacillus_biofilm_matrix_protein_component_TasA_and_homologs
si_0435	887.4	Dormancy and Sporulation	Unclassified dormancy and sporulation	Exosporium
si_0436	0.1	Dormancy and Sporulation	Unclassified dormancy and sporulation	Persister_Cells
si_0437	1.8	Dormancy and Sporulation	Unclassified dormancy and sporulation	SpoVS_protein_family
si_0438	0	Dormancy and Sporulation	Unclassified dormancy and sporulation	Spore_Core_Dehydration
si_0439	2930	Dormancy and Sporulation	Unclassified dormancy and sporulation	Spore_germination
si_0440	1532	Dormancy and Sporulation	Unclassified dormancy and sporulation	Spore_pigment_biosynthetic_cluster_in_Actinomycetes
si_0441	4.9	Dormancy and Sporulation	Unclassified dormancy and sporulation	Sporulation-associated_proteins_with_broader_functions
si_0442	2.1	Dormancy and Sporulation	Unclassified dormancy and sporulation	Sporulation_Cluster_III_A
si_0443	212.9	Dormancy and Sporulation	Unclassified dormancy and sporulation	Sporulation_draft
si_0444	42.1	Dormancy and Sporulation	Unclassified dormancy and sporulation	Sporulation_gene_orphans
si_0445	0	Fatty Acids, Lipids, and Isoprenoids	Fatty acids	Acyl-CoA_thioesterase_II
si_0446	29	Fatty Acids, Lipids, and Isoprenoids	Fatty acids	Carnitine_Metabolism_in_Microorganisms
si_0447	10.4	Fatty Acids, Lipids, and Isoprenoids	Fatty acids	Fatty_Acid_Biosynthesis_FASI
si_0448	57817	Fatty Acids, Lipids, and Isoprenoids	Fatty acids	Fatty_Acid_Biosynthesis_FASII
si_0449	1276.6	Fatty Acids, Lipids, and Isoprenoids	Fatty acids	Fatty_acid_degradation_regulons
si_0450	1343.3	Fatty Acids, Lipids, and Isoprenoids	Fatty acids	Phospholipid_and_Fatty_acid_biosynthesis_related_cluster
si_0451	293.9	Fatty Acids, Lipids, and Isoprenoids	Fatty acids	Polyunsaturated_Fatty_Acids_synthesis
si_0452	724.4	Fatty Acids, Lipids, and Isoprenoids	Isoprenoids	Acyclic_terpenes_utilization
si_0453	125.2	Fatty Acids, Lipids, and Isoprenoids	Isoprenoids	Archaeal_lipids
si_0454	7221.7	Fatty Acids, Lipids, and Isoprenoids	Isoprenoids	Carotenoids
si_0455	9317.9	Fatty Acids, Lipids, and Isoprenoids	Isoprenoids	Isoprenoid_Biosynthesis
si_0456	3.5	Fatty Acids, Lipids, and Isoprenoids	Isoprenoids	Myxoxanthophyll_biosynthesis_in_Cyanobacteria
si_0457	493	Fatty Acids, Lipids, and Isoprenoids	Isoprenoids	Polyprenyl_Diphosphate_Biosynthesis
si_0458	146.5	Fatty Acids, Lipids, and Isoprenoids	Isoprenoids	polyprenyl_synthesis
si_0459	12126.7	Fatty Acids, Lipids, and Isoprenoids	Phospholipids	Glycerolipid_and_Glycerophospholipid_Metabolism_in_Bacteria
si_0460	0	Fatty Acids, Lipids, and Isoprenoids	Phospholipids	Sphingolipid_biosynthesis
si_0461	221.2	Fatty Acids, Lipids, and Isoprenoids	Triacylglycerols	Triacylglycerol_metabolism
si_0462	0	Fatty Acids, Lipids, and Isoprenoids	Unclassified fatty acids, lipids, and isoprenoids	Cholesterol_catabolic_operon_in_Mycobacteria
si_0463	3934.9	Fatty Acids, Lipids, and Isoprenoids	Unclassified fatty acids, lipids, and isoprenoids	Polyhydroxybutyrate_metabolism
si_0464	0	Iron acquisition and metabolism	Siderophores	Alcaligin_Siderophore
si_0465	51	Iron acquisition and metabolism	Siderophores	Bacillibactin_Siderophore
si_0466	0	Iron acquisition and metabolism	Siderophores	Iron_siderophore_sensor_&_receptor_system
si_0467	67	Iron acquisition and metabolism	Siderophores	Petrobactin-mediated_iron_uptake_system
si_0468	8.7	Iron acquisition and metabolism	Siderophores	Salmochelin-mediated_Iron_Acquisition
si_0469	27.1	Iron acquisition and metabolism	Siderophores	Siderophore_Achromobactin
si_0470	185.8	Iron acquisition and metabolism	Siderophores	Siderophore_Aerobactin
si_0471	0	Iron acquisition and metabolism	Siderophores	Siderophore_Desferrioxamine_E
si_0472	114	Iron acquisition and metabolism	Siderophores	Siderophore_Enterobactin
si_0473	1111.7	Iron acquisition and metabolism	Siderophores	Siderophore_Pyoverdine
si_0474	0.1	Iron acquisition and metabolism	Siderophores	Siderophore_Staphylobactin
si_0475	40.9	Iron acquisition and metabolism	Siderophores	Siderophore_Yersiniabactin_Biosynthesis
si_0476	24.3	Iron acquisition and metabolism	Siderophores	Siderophore_[Alcaligin-like]
si_0477	460.8	Iron acquisition and metabolism	Siderophores	Siderophore_assembly_kit
si_0478	103.1	Iron acquisition and metabolism	Siderophores	Siderophore_pyochelin
si_0479	40.7	Iron acquisition and metabolism	Siderophores	Vibrioferrin_synthesis
si_0480	33.6	Iron acquisition and metabolism	Unclassified iron acquisition and metabolism	Campylobacter_Iron_Metabolism
si_0481	118.8	Iron acquisition and metabolism	Unclassified iron acquisition and metabolism	Ferrous_iron_transporter_EfeUOB,_low-pH-induced
si_0482	857.2	Iron acquisition and metabolism	Unclassified iron acquisition and metabolism	Heme,_hemin_uptake_and_utilization_systems_in_GramPositives
si_0483	11277.5	Iron acquisition and metabolism	Unclassified iron acquisition and metabolism	Hemin_transport_system
si_0484	174.2	Iron acquisition and metabolism	Unclassified iron acquisition and metabolism	Iron_Scavenging_cluster_in_Thermus
si_0485	89.3	Iron acquisition and metabolism	Unclassified iron acquisition and metabolism	Iron_acquisition_in_Streptococcus
si_0486	35.6	Iron acquisition and metabolism	Unclassified iron acquisition and metabolism	Iron_acquisition_in_Vibrio
si_0487	213.8	Iron acquisition and metabolism	Unclassified iron acquisition and metabolism	Transport_of_Iron
si_0488	227.9	Membrane Transport	ABC transporters	ABC_transporter_alkylphosphonate_(TC_3.A.1.9.1)
si_0489	2488.1	Membrane Transport	ABC transporters	ABC_transporter_branched-chain_amino_acid_(TC_3.A.1.4.1)
si_0490	1566.6	Membrane Transport	ABC transporters	ABC_transporter_dipeptide_(TC_3.A.1.5.2)
si_0491	0	Membrane Transport	ABC transporters	ABC_transporter_of_unknown_substrate_X
si_0492	3382.8	Membrane Transport	ABC transporters	ABC_transporter_oligopeptide_(TC_3.A.1.5.1)
si_0493	40.1	Membrane Transport	ABC transporters	ABC_transporter_peptide_(TC_3.A.1.5.5)
si_0494	306.9	Membrane Transport	ABC transporters	ABC_transporter_tungstate_(TC_3.A.1.6.2)
si_0495	80.2	Membrane Transport	ABC transporters	ATP-dependent_efflux_pump_transporter_Ybh
si_0496	89.4	Membrane Transport	ABC transporters	Periplasmic-Binding-Protein-Dependent_Transport_System_for_&#945;-Glucosides
si_0497	9.6	Membrane Transport	Protein and nucleoprotein secretion system, Type IV	Dot-Icm_type_IV_secretion_system
si_0498	633.5	Membrane Transport	Protein and nucleoprotein secretion system, Type IV	Mannose-sensitive_hemagglutinin_type_4_pilus
si_0499	0	Membrane Transport	Protein and nucleoprotein secretion system, Type IV	Toxin_co-regulated_pilus
si_0500	0	Membrane Transport	Protein and nucleoprotein secretion system, Type IV	Type_4_conjugative_transfer_system,_IncI1_type
si_0501	2596.7	Membrane Transport	Protein and nucleoprotein secretion system, Type IV	Type_IV_pilus
si_0502	568	Membrane Transport	Protein and nucleoprotein secretion system, Type IV	pVir_Plasmid_of_Campylobacter
si_0503	3279.2	Membrane Transport	Protein secretion system, Type II	General_Secretion_Pathway
si_0504	2148.7	Membrane Transport	Protein secretion system, Type II	Widespread_colonization_island
si_0505	0	Membrane Transport	Protein secretion system, Type III	Type_III_secretion_system
si_0506	5.1	Membrane Transport	Protein secretion system, Type III	Type_III_secretion_system_orphans
si_0507	14481.8	Membrane Transport	Protein secretion system, Type VI	Type_VI_secretion_systems
si_0508	0	Membrane Transport	Protein secretion system, Type VII (Chaperone/Usher pathway, CU)	Colonization_factor_antigen_I_fimbriae
si_0509	0	Membrane Transport	Protein secretion system, Type VII (Chaperone/Usher pathway, CU)	The_fimbrial_Sfm_cluster
si_0510	0	Membrane Transport	Protein secretion system, Type VII (Chaperone/Usher pathway, CU)	The_fimbrial_Stf_cluster
si_0511	0	Membrane Transport	Protein secretion system, Type VII (Chaperone/Usher pathway, CU)	The_usher_protein_HtrE_fimbrial_cluster
si_0512	47.2	Membrane Transport	Protein secretion system, Type VIII (Extracellular nucleation/precipitation pathway, ENP)	Curli_production
si_0513	4241	Membrane Transport	Protein translocation across cytoplasmic membrane	ESAT-6_proteins_secretion_system_in_Actinobacteria
si_0514	49.4	Membrane Transport	Protein translocation across cytoplasmic membrane	ESAT-6_proteins_secretion_system_in_Firmicutes
si_0515	1899.7	Membrane Transport	Protein translocation across cytoplasmic membrane	HtrA_and_Sec_secretion
si_0516	95	Membrane Transport	Protein translocation across cytoplasmic membrane	SecY2-SecA2_Specialized_Transport_System
si_0517	1419.3	Membrane Transport	Protein translocation across cytoplasmic membrane	Twin-arginine_translocation_system
si_0518	0.6	Membrane Transport	Sugar Phosphotransferase Systems, PTS	Fructose_and_Mannose_Inducible_PTS
si_0519	0	Membrane Transport	Sugar Phosphotransferase Systems, PTS	Galactose-inducible_PTS
si_0520	0	Membrane Transport	Sugar Phosphotransferase Systems, PTS	Sucrose-specific_PTS
si_0521	0	Membrane Transport	Unclassified membrane transport	Agrobacterium_opine_transport
si_0522	0	Membrane Transport	Unclassified membrane transport	Choline_Transport
si_0523	46.3	Membrane Transport	Unclassified membrane transport	Citrate_Utilization_System_(CitAB,_CitH,_and_tctABC)
si_0524	1913.5	Membrane Transport	Unclassified membrane transport	ECF_class_transporters
si_0525	0	Membrane Transport	Unclassified membrane transport	Phosphoglycerate_transport_system
si_0526	30233.5	Membrane Transport	Unclassified membrane transport	Ton_and_Tol_transport_systems
si_0527	214.8	Membrane Transport	Unclassified membrane transport	Transport_of_Manganese
si_0528	337.4	Membrane Transport	Unclassified membrane transport	Transport_of_Molybdenum
si_0529	444.1	Membrane Transport	Unclassified membrane transport	Transport_of_Nickel_and_Cobalt
si_0530	1070	Membrane Transport	Unclassified membrane transport	Transport_of_Zinc
si_0531	1	Membrane Transport	Uni- Sym- and Antiporters	Na(+)_H(+)_antiporter
si_0532	81.5	Membrane Transport	Uni- Sym- and Antiporters	Proton-dependent_Peptide_Transporters
si_0533	77.1	Membrane Transport	Uni- Sym- and Antiporters	Sodium_Hydrogen_Antiporter
si_0534	237.8	Metabolism of Aromatic Compounds	Anaerobic degradation of aromatic compounds	Anaerobic_benzoate_metabolism
si_0535	0	Metabolism of Aromatic Compounds	Anaerobic degradation of aromatic compounds	Hydroxyaromatic_decarboxylase_family
si_0536	187.8	Metabolism of Aromatic Compounds	Metabolism of central aromatic intermediates	4-Hydroxyphenylacetic_acid_catabolic_pathway
si_0537	180.9	Metabolism of Aromatic Compounds	Metabolism of central aromatic intermediates	Catechol_branch_of_beta-ketoadipate_pathway
si_0538	308	Metabolism of Aromatic Compounds	Metabolism of central aromatic intermediates	Central_meta-cleavage_pathway_of_aromatic_compound_degradation
si_0539	652	Metabolism of Aromatic Compounds	Metabolism of central aromatic intermediates	Homogentisate_pathway_of_aromatic_compound_degradation
si_0540	4	Metabolism of Aromatic Compounds	Metabolism of central aromatic intermediates	N-heterocyclic_aromatic_compound_degradation
si_0541	872.8	Metabolism of Aromatic Compounds	Metabolism of central aromatic intermediates	Protocatechuate_branch_of_beta-ketoadipate_pathway
si_0542	263.2	Metabolism of Aromatic Compounds	Metabolism of central aromatic intermediates	Salicylate_and_gentisate_catabolism
si_0543	38.8	Metabolism of Aromatic Compounds	Peripheral pathways for catabolism of aromatic compounds	Benzoate_catabolism
si_0544	138.9	Metabolism of Aromatic Compounds	Peripheral pathways for catabolism of aromatic compounds	Benzoate_degradation
si_0545	32.4	Metabolism of Aromatic Compounds	Peripheral pathways for catabolism of aromatic compounds	Biphenyl_Degradation
si_0546	444	Metabolism of Aromatic Compounds	Peripheral pathways for catabolism of aromatic compounds	Chloroaromatic_degradation_pathway
si_0547	54.8	Metabolism of Aromatic Compounds	Peripheral pathways for catabolism of aromatic compounds	Chlorobenzoate_degradation
si_0548	12.1	Metabolism of Aromatic Compounds	Peripheral pathways for catabolism of aromatic compounds	Naphtalene_and_antracene_degradation
si_0549	0	Metabolism of Aromatic Compounds	Peripheral pathways for catabolism of aromatic compounds	Phenol_hydroxylase
si_0550	36.2	Metabolism of Aromatic Compounds	Peripheral pathways for catabolism of aromatic compounds	Phenylpropanoid_compound_degradation
si_0551	162.5	Metabolism of Aromatic Compounds	Peripheral pathways for catabolism of aromatic compounds	Quinate_degradation
si_0552	86.7	Metabolism of Aromatic Compounds	Peripheral pathways for catabolism of aromatic compounds	Salicylate_ester_degradation
si_0553	66	Metabolism of Aromatic Compounds	Peripheral pathways for catabolism of aromatic compounds	Toluene_degradation
si_0554	803.1	Metabolism of Aromatic Compounds	Peripheral pathways for catabolism of aromatic compounds	n-Phenylalkanoic_acid_degradation
si_0555	265.2	Metabolism of Aromatic Compounds	Peripheral pathways for catabolism of aromatic compounds	p-Hydroxybenzoate_degradation
si_0556	324.2	Metabolism of Aromatic Compounds	Unclassified metabolism of aromatic compounds	Aromatic_Amin_Catabolism
si_0557	478.8	Metabolism of Aromatic Compounds	Unclassified metabolism of aromatic compounds	Benzoate_transport_and_degradation_cluster
si_0558	0	Metabolism of Aromatic Compounds	Unclassified metabolism of aromatic compounds	Cresol_degradation
si_0559	107.9	Metabolism of Aromatic Compounds	Unclassified metabolism of aromatic compounds	Gentisare_degradation
si_0560	96.1	Metabolism of Aromatic Compounds	Unclassified metabolism of aromatic compounds	Phenylacetyl-CoA_catabolic_pathway_(core)
si_0561	0	Metabolism of Aromatic Compounds	Unclassified metabolism of aromatic compounds	Toluene_4-monooxygenase_(T4MO)
si_0562	3.5	Metabolism of Aromatic Compounds	Unclassified metabolism of aromatic compounds	carbazol_degradation_cluster
si_0563	47.2	Metabolism of Aromatic Compounds	Unclassified metabolism of aromatic compounds	p-cymene_degradation
si_0564	40.3	Miscellaneous	Plant-Prokaryote DOE project	At2g33980_At1g28960
si_0565	542.4	Miscellaneous	Plant-Prokaryote DOE project	At3g21300
si_0566	3521.6	Miscellaneous	Plant-Prokaryote DOE project	COG2363
si_0567	702.3	Miscellaneous	Plant-Prokaryote DOE project	Conserved_gene_cluster_possibly_involved_in_RNA_metabolism
si_0568	25653.5	Miscellaneous	Plant-Prokaryote DOE project	Iojap
si_0569	540	Miscellaneous	Plant-Prokaryote DOE project	Synechocystis_experimental
si_0570	0	Miscellaneous	Unclassified miscellaneous	Archease
si_0571	105	Miscellaneous	Unclassified miscellaneous	Archease2
si_0572	2728.4	Miscellaneous	Unclassified miscellaneous	Broadly_distributed_proteins_not_in_subsystems
si_0573	0	Miscellaneous	Unclassified miscellaneous	Luciferases
si_0574	283	Miscellaneous	Unclassified miscellaneous	Magnetosome_Biomineralization_and_Function
si_0575	1.9	Miscellaneous	Unclassified miscellaneous	Muconate_lactonizing_enzyme_family
si_0576	0	Miscellaneous	Unclassified miscellaneous	YaaA
si_0577	1228.1	Miscellaneous	Unclassified miscellaneous	YbbK
si_0578	15542.2	Miscellaneous	Unclassified miscellaneous	ZZ_gjo_need_homes
si_0579	0	Motility and Chemotaxis	Flagellar motility in Prokaryota	Additional_flagellar_genes_in_Vibrionales
si_0580	79.1	Motility and Chemotaxis	Flagellar motility in Prokaryota	Archaeal_Flagellum
si_0581	5644.1	Motility and Chemotaxis	Flagellar motility in Prokaryota	Flagellar_motility
si_0582	15340	Motility and Chemotaxis	Flagellar motility in Prokaryota	Flagellum
si_0583	129.5	Motility and Chemotaxis	Flagellar motility in Prokaryota	Flagellum_in_Campylobacter
si_0584	0	Motility and Chemotaxis	Social motility and nonflagellar swimming in bacteria	Control_of_Swarming_in_Vibrio_and_Shewanella_species
si_0585	0.1	Motility and Chemotaxis	Social motility and nonflagellar swimming in bacteria	Rhamnolipids_in_Pseudomonas
si_0586	4131.5	Motility and Chemotaxis	Unclassified motility and chemotaxis	Bacterial_Chemotaxis
si_0587	46.6	Nitrogen Metabolism	Unclassified nitrogen metabolism	Allantoin_Utilization
si_0588	26.4	Nitrogen Metabolism	Unclassified nitrogen metabolism	Amidase_clustered_with_urea_and_nitrile_hydratase_functions
si_0589	16031.7	Nitrogen Metabolism	Unclassified nitrogen metabolism	Ammonia_assimilation
si_0590	95.5	Nitrogen Metabolism	Unclassified nitrogen metabolism	Cyanate_hydrolysis
si_0591	1405.7	Nitrogen Metabolism	Unclassified nitrogen metabolism	Denitrification
si_0592	70.3	Nitrogen Metabolism	Unclassified nitrogen metabolism	Dissimilatory_nitrite_reductase
si_0593	1962.8	Nitrogen Metabolism	Unclassified nitrogen metabolism	Nitrate_and_nitrite_ammonification
si_0594	1951.4	Nitrogen Metabolism	Unclassified nitrogen metabolism	Nitric_oxide_synthase
si_0595	2258.1	Nitrogen Metabolism	Unclassified nitrogen metabolism	Nitrogen_fixation
si_0596	148.4	Nitrogen Metabolism	Unclassified nitrogen metabolism	Nitrosative_stress
si_0597	10.5	Nucleosides and Nucleotides	Detoxification	Housecleaning_nucleoside_triphosphate_pyrophosphatases
si_0598	59.2	Nucleosides and Nucleotides	Detoxification	Nucleoside_triphosphate_pyrophosphohydrolase_MazG
si_0599	124.5	Nucleosides and Nucleotides	Detoxification	Nudix_proteins_(nucleoside_triphosphate_hydrolases)
si_0600	20190.3	Nucleosides and Nucleotides	Purines	De_Novo_Purine_Biosynthesis
si_0601	461.3	Nucleosides and Nucleotides	Purines	Purine_Utilization
si_0602	24264.2	Nucleosides and Nucleotides	Purines	Purine_conversions
si_0603	0	Nucleosides and Nucleotides	Purines	Purine_nucleotide_synthesis_regulator
si_0604	978.4	Nucleosides and Nucleotides	Purines	Xanthine_Metabolism_in_Bacteria
si_0605	0	Nucleosides and Nucleotides	Purines	Xanthosine_utilization_(xap_region)
si_0606	30051.4	Nucleosides and Nucleotides	Pyrimidines	De_Novo_Pyrimidine_Synthesis
si_0607	296.9	Nucleosides and Nucleotides	Pyrimidines	Novel_non-oxidative_pathway_of_Uracil_catabolism
si_0608	1307.4	Nucleosides and Nucleotides	Pyrimidines	Pyrimidine_utilization
si_0609	19004.9	Nucleosides and Nucleotides	Pyrimidines	pyrimidine_conversions
si_0610	0.6	Nucleosides and Nucleotides	Unclassified nucleosides and nucleotides	AMP_to_3-phosphoglycerate
si_0611	29.8	Nucleosides and Nucleotides	Unclassified nucleosides and nucleotides	Adenosyl_nucleosidases
si_0612	1096.6	Nucleosides and Nucleotides	Unclassified nucleosides and nucleotides	Hydantoin_metabolism
si_0613	111.6	Nucleosides and Nucleotides	Unclassified nucleosides and nucleotides	Pseudouridine_Metabolism
si_0614	19211.8	Nucleosides and Nucleotides	Unclassified nucleosides and nucleotides	Ribonucleotide_reduction
si_0615	0	Phages, Prophages, Transposable elements	Bacteriophage integration/excision/lysogeny	Phage_integration_and_excision
si_0616	0	Phages, Prophages, Transposable elements	Bacteriophage structural proteins	Phage_capsid_proteins
si_0617	0	Phages, Prophages, Transposable elements	Superinfection Exclusion	Phage_Dual_Exonuclease_Exclusion
si_0618	0	Phages, Prophages, Transposable elements, Plasmids	Pathogenicity islands	Listeria_Pathogenicity_Island_LIPI-1_extended
si_0619	4023	Phages, Prophages, Transposable elements, Plasmids	Pathogenicity islands	Staphylococcal_pathogenicity_islands_SaPI
si_0620	19.1	Phages, Prophages, Transposable elements, Plasmids	Pathogenicity islands	Vibrio_pathogenicity_island
si_0621	0	Phages, Prophages, Transposable elements, Plasmids	Phages, Prophages	Listeria_phi-A118-like_prophages
si_0622	0	Phages, Prophages, Transposable elements, Plasmids	Phages, Prophages	Phage_baseplate_proteins
si_0623	0	Phages, Prophages, Transposable elements, Plasmids	Phages, Prophages	Phage_neck_proteins
si_0624	0	Phages, Prophages, Transposable elements, Plasmids	Phages, Prophages	Phage_nin_genes_-_N-independent_survival
si_0625	14.7	Phages, Prophages, Transposable elements, Plasmids	Phages, Prophages	Phage_packaging_machinery
si_0626	4083.2	Phages, Prophages, Transposable elements, Plasmids	Phages, Prophages	Phage_tail_fiber_proteins
si_0627	2836.3	Phages, Prophages, Transposable elements, Plasmids	Phages, Prophages	Phage_tail_proteins_2
si_0628	0	Phages, Prophages, Transposable elements, Plasmids	Phages, Prophages	Prophage-encoded_Rst_operon
si_0629	0	Phages, Prophages, Transposable elements, Plasmids	Phages, Prophages	Prophage_lysogenic_conversion_modules
si_0630	726	Phages, Prophages, Transposable elements, Plasmids	Phages, Prophages	Staphylococcal_phi-Mu50B-like_prophages
si_0631	0	Phages, Prophages, Transposable elements, Plasmids	Plasmid related functions	Plasmid-encoded_T-DNA_transfer
si_0632	0	Phages, Prophages, Transposable elements, Plasmids	Plasmid related functions	Rolling-circle_replication
si_0633	649.2	Phages, Prophages, Transposable elements, Plasmids	Transposable elements	CBSS-203122.12.peg.188
si_0634	18	Phages, Prophages, Transposable elements, Plasmids	Transposable elements	Conjugative_transposon,_Bacteroidales
si_0635	0	Phages, Prophages, Transposable elements, Plasmids	Transposable elements	Tn552
si_0636	0	Phages, Prophages, Transposable elements, Plasmids	Unclassified phages, prophages, transposable elements, plasmids	Integrons
si_0637	732.2	Phosphorus Metabolism	Unclassified phosphorus metabolism	Alkylphosphonate_utilization
si_0638	1747.6	Phosphorus Metabolism	Unclassified phosphorus metabolism	High_affinity_phosphate_transporter_and_control_of_PHO_regulon
si_0639	3.7	Phosphorus Metabolism	Unclassified phosphorus metabolism	P_uptake_(cyanobacteria)
si_0640	42087	Phosphorus Metabolism	Unclassified phosphorus metabolism	Phosphate_metabolism
si_0641	0	Phosphorus Metabolism	Unclassified phosphorus metabolism	Phosphoenolpyruvate_phosphomutase
si_0642	37.6	Phosphorus Metabolism	Unclassified phosphorus metabolism	Phosphonate_metabolism
si_0643	346	Photosynthesis	Electron transport and photophosphorylation	Photosystem_I
si_0644	2.3	Photosynthesis	Electron transport and photophosphorylation	Photosystem_I-type_photosynthetic_reaction_center
si_0645	580.7	Photosynthesis	Electron transport and photophosphorylation	Photosystem_II
si_0646	0	Photosynthesis	Electron transport and photophosphorylation	Photosystem_II-type_photosynthetic_reaction_center
si_0647	60.7	Photosynthesis	Light-harvesting complexes	Bacterial_light-harvesting_proteins
si_0648	6.9	Photosynthesis	Light-harvesting complexes	Chlorosome
si_0649	8.9	Photosynthesis	Light-harvesting complexes	Phycobilisome
si_0650	106.8	Photosynthesis	Unclassified photosynthesis	Bacteriorhodopsin
si_0651	150.6	Photosynthesis	Unclassified photosynthesis	Proteorhodopsin
si_0652	4244	Potassium metabolism	Unclassified potassium metabolism	Glutathione-regulated_potassium-efflux_system_and_associated_functions
si_0653	0	Potassium metabolism	Unclassified potassium metabolism	Hyperosmotic_potassium_uptake
si_0654	17412.8	Potassium metabolism	Unclassified potassium metabolism	Potassium_homeostasis
si_0655	15.8	Potassium metabolism	Unclassified potassium metabolism	pH_adaptation_potassium_efflux_system
si_0656	2812.4	Protein Metabolism	Protein biosynthesis	Nucleolar_protein_complex
si_0657	177.5	Protein Metabolism	Protein biosynthesis	Programmed_frameshift
si_0658	0	Protein Metabolism	Protein biosynthesis	Pyrrolysine
si_0659	0	Protein Metabolism	Protein biosynthesis	Ribosomal_protein_paralogs
si_0660	16694.2	Protein Metabolism	Protein biosynthesis	Ribosome_LSU_bacterial
si_0661	72631.4	Protein Metabolism	Protein biosynthesis	Ribosome_LSU_eukaryotic_and_archaeal
si_0662	37939.3	Protein Metabolism	Protein biosynthesis	Ribosome_SSU_bacterial
si_0663	85320.5	Protein Metabolism	Protein biosynthesis	Ribosome_SSU_eukaryotic_and_archaeal
si_0664	81.6	Protein Metabolism	Protein biosynthesis	Ribosome_activity_modulation
si_0665	5040.5	Protein Metabolism	Protein biosynthesis	Ribosome_biogenesis_bacterial
si_0666	52.5	Protein Metabolism	Protein biosynthesis	Trans-translation_by_stalled_ribosomes
si_0667	6963.3	Protein Metabolism	Protein biosynthesis	Translation_elongation_factor_G_family
si_0668	27155.4	Protein Metabolism	Protein biosynthesis	Translation_elongation_factors_bacterial
si_0669	27511	Protein Metabolism	Protein biosynthesis	Translation_elongation_factors_eukaryotic_and_archaeal
si_0670	11555.8	Protein Metabolism	Protein biosynthesis	Translation_initiation_factors_bacterial
si_0671	4485.6	Protein Metabolism	Protein biosynthesis	Translation_initiation_factors_eukaryotic_and_archaeal
si_0672	1719.8	Protein Metabolism	Protein biosynthesis	Translation_termination_factors_bacterial
si_0673	72452.2	Protein Metabolism	Protein biosynthesis	Universal_GTPases
si_0674	1579.4	Protein Metabolism	Protein biosynthesis	tRNA_aminoacylation,_Ala
si_0675	1750	Protein Metabolism	Protein biosynthesis	tRNA_aminoacylation,_Arg
si_0676	5612.3	Protein Metabolism	Protein biosynthesis	tRNA_aminoacylation,_Asp_and_Asn
si_0677	926.8	Protein Metabolism	Protein biosynthesis	tRNA_aminoacylation,_Cys
si_0678	3234.4	Protein Metabolism	Protein biosynthesis	tRNA_aminoacylation,_Glu_and_Gln
si_0679	1437.5	Protein Metabolism	Protein biosynthesis	tRNA_aminoacylation,_Gly
si_0680	1512.6	Protein Metabolism	Protein biosynthesis	tRNA_aminoacylation,_His
si_0681	4794.5	Protein Metabolism	Protein biosynthesis	tRNA_aminoacylation,_Ile
si_0682	3396.2	Protein Metabolism	Protein biosynthesis	tRNA_aminoacylation,_Leu
si_0683	3856.9	Protein Metabolism	Protein biosynthesis	tRNA_aminoacylation,_Lys
si_0684	3296.8	Protein Metabolism	Protein biosynthesis	tRNA_aminoacylation,_Met
si_0685	1326.8	Protein Metabolism	Protein biosynthesis	tRNA_aminoacylation,_Phe
si_0686	2535.3	Protein Metabolism	Protein biosynthesis	tRNA_aminoacylation,_Pro
si_0687	0	Protein Metabolism	Protein biosynthesis	tRNA_aminoacylation,_Pyr
si_0688	1311	Protein Metabolism	Protein biosynthesis	tRNA_aminoacylation,_Ser
si_0689	4538.3	Protein Metabolism	Protein biosynthesis	tRNA_aminoacylation,_Thr
si_0690	1239	Protein Metabolism	Protein biosynthesis	tRNA_aminoacylation,_Trp
si_0691	1530.1	Protein Metabolism	Protein biosynthesis	tRNA_aminoacylation,_Tyr
si_0692	6587.5	Protein Metabolism	Protein biosynthesis	tRNA_aminoacylation,_Val
si_0693	5222.8	Protein Metabolism	Protein degradation	Aminopeptidases_(EC_3.4.11.-)
si_0694	0	Protein Metabolism	Protein degradation	Dipeptidases_(EC_3.4.13.-)
si_0695	482.3	Protein Metabolism	Protein degradation	Metallocarboxypeptidases_(EC_3.4.17.-)
si_0696	359.6	Protein Metabolism	Protein degradation	Metalloendopeptidases_(EC_3.4.24.-)
si_0697	261.2	Protein Metabolism	Protein degradation	Omega_peptidases_(EC_3.4.19.-)
si_0698	14039.3	Protein Metabolism	Protein degradation	Proteasome_archaeal
si_0699	4691	Protein Metabolism	Protein degradation	Proteasome_bacterial
si_0700	1327.9	Protein Metabolism	Protein degradation	Protein_degradation
si_0701	22954.9	Protein Metabolism	Protein degradation	Proteolysis_in_bacteria,_ATP-dependent
si_0702	2839.3	Protein Metabolism	Protein degradation	Putative_TldE-TldD_proteolytic_complex
si_0703	908.3	Protein Metabolism	Protein degradation	Serine_endopeptidase_(EC_3.4.21.-)
si_0704	64053.5	Protein Metabolism	Protein folding	GroEL_GroES
si_0705	12935.1	Protein Metabolism	Protein folding	Peptidyl-prolyl_cis-trans_isomerase
si_0706	1133.2	Protein Metabolism	Protein folding	Periplasmic_disulfide_interchange
si_0707	191341.5	Protein Metabolism	Protein folding	Protein_chaperones
si_0708	7792.7	Protein Metabolism	Protein folding	Thermosome,_archaeal
si_0709	12446.9	Protein Metabolism	Protein processing and modification	Inteins
si_0710	1042.9	Protein Metabolism	Protein processing and modification	Lipoprotein_Biosynthesis
si_0711	2160	Protein Metabolism	Protein processing and modification	N-linked_Glycosylation_in_Bacteria
si_0712	1142	Protein Metabolism	Protein processing and modification	Peptide_methionine_sulfoxide_reductase
si_0713	511.1	Protein Metabolism	Protein processing and modification	Protein_Acetylation_and_Deacetylation_in_Bacteria
si_0714	415.5	Protein Metabolism	Protein processing and modification	Ribosomal_protein_S12p_Asp_methylthiotransferase
si_0715	2400.5	Protein Metabolism	Protein processing and modification	Ribosomal_protein_S5p_acylation
si_0716	435.3	Protein Metabolism	Protein processing and modification	Signal_peptidase
si_0717	61.5	Protein Metabolism	Protein processing and modification	Ubiquitin-like_archaeal_modifier_proteins_(SAMPs)
si_0718	59.9	Protein Metabolism	Secretion	Protein_secretion_by_ABC-type_exporters
si_0719	2784.8	Protein Metabolism	Selenoproteins	Glycine_reductase,_sarcosine_reductase_and_betaine_reductase
si_0720	1655.9	Protein Metabolism	Selenoproteins	Selenocysteine_metabolism
si_0721	597.1	Protein Metabolism	Selenoproteins	Selenoprotein_O
si_0722	68810.6	RNA Metabolism	RNA processing and modification	ATP-dependent_RNA_helicases,_bacterial
si_0723	384.9	RNA Metabolism	RNA processing and modification	Methylthiotransferases
si_0724	3712.6	RNA Metabolism	RNA processing and modification	Polyadenylation_bacterial
si_0725	42182.5	RNA Metabolism	RNA processing and modification	Queuosine-Archaeosine_Biosynthesis
si_0726	526.5	RNA Metabolism	RNA processing and modification	RNA_3'-terminal_phosphate_cyclase
si_0727	11887.4	RNA Metabolism	RNA processing and modification	RNA_processing_and_degradation,_bacterial
si_0728	2023.3	RNA Metabolism	RNA processing and modification	RNA_processing_orphans
si_0729	2052.3	RNA Metabolism	RNA processing and modification	RNA_pseudouridine_syntheses
si_0730	290.8	RNA Metabolism	RNA processing and modification	Ribonuclease_H
si_0731	0	RNA Metabolism	RNA processing and modification	Ribonuclease_P_archaeal_and_eukaryal
si_0732	9610.2	RNA Metabolism	RNA processing and modification	Ribosome_biogenesis_archaeal
si_0733	575.2	RNA Metabolism	RNA processing and modification	Wyeosine-MimG_Biosynthesis
si_0734	269.1	RNA Metabolism	RNA processing and modification	YrdC-YciO
si_0735	2812.4	RNA Metabolism	RNA processing and modification	eukaryotic_rRNA_modification_and_related_functions
si_0736	2923.4	RNA Metabolism	RNA processing and modification	rRNA_modification_Archaea
si_0737	2245.9	RNA Metabolism	RNA processing and modification	rRNA_modification_Bacteria
si_0738	7827.7	RNA Metabolism	RNA processing and modification	tRNA_modification_Archaea
si_0739	19190.7	RNA Metabolism	RNA processing and modification	tRNA_modification_Bacteria
si_0740	338.5	RNA Metabolism	RNA processing and modification	tRNA_nucleotidyltransferase
si_0741	3478.8	RNA Metabolism	RNA processing and modification	tRNA_processing
si_0742	0	RNA Metabolism	RNA processing and modification	tRNA_splicing
si_0743	0	RNA Metabolism	Transcription	RNA_polymerase_III
si_0744	8027	RNA Metabolism	Transcription	RNA_polymerase_archaeal
si_0745	505.8	RNA Metabolism	Transcription	RNA_polymerase_archaeal_initiation_factors
si_0746	3125.1	RNA Metabolism	Transcription	RNA_polymerase_bacterial
si_0747	1	RNA Metabolism	Transcription	Rrf2_family_transcriptional_regulators
si_0748	53	RNA Metabolism	Transcription	Transcription_elongation_factors,_archaeal
si_0749	3297.1	RNA Metabolism	Transcription	Transcription_factors_bacterial
si_0750	2.1	RNA Metabolism	Transcription	Transcription_factors_cyanobacterial_RpoD-like_sigma_factors
si_0751	2677.6	RNA Metabolism	Transcription	Transcription_initiation,_bacterial_sigma_factors
si_0752	0	RNA Metabolism	Unclassified rna metabolism	Group_II_intron-associated_genes
si_0753	0	Regulation and Cell signaling	Programmed Cell Death and Toxin-antitoxin Systems	A_toxin-antitoxin_module_cotranscribed_with_DinB
si_0754	51.5	Regulation and Cell signaling	Programmed Cell Death and Toxin-antitoxin Systems	Bacterial_Caspases
si_0755	0	Regulation and Cell signaling	Programmed Cell Death and Toxin-antitoxin Systems	Fratricide_in_Streptococcus
si_0756	0	Regulation and Cell signaling	Programmed Cell Death and Toxin-antitoxin Systems	MazEF_toxin-antitoxing_(programmed_cell_death)_system
si_0757	1783.2	Regulation and Cell signaling	Programmed Cell Death and Toxin-antitoxin Systems	Murein_hydrolase_regulation_and_cell_death
si_0758	0	Regulation and Cell signaling	Programmed Cell Death and Toxin-antitoxin Systems	Phd-Doc,_YdcE-YdcD_toxin-antitoxin_(programmed_cell_death)_systems
si_0759	0	Regulation and Cell signaling	Programmed Cell Death and Toxin-antitoxin Systems	Toxin-antitoxin_replicon_stabilization_systems
si_0760	0	Regulation and Cell signaling	Programmed Cell Death and Toxin-antitoxin Systems	Toxin-antitoxin_systems_(other_than_RelBE_and_MazEF)
si_0761	234.2	Regulation and Cell signaling	Quorum sensing and biofilm formation	Autoinducer_2_(AI-2)_transport_and_processing_(lsrACDBFGE_operon)
si_0762	13.3	Regulation and Cell signaling	Quorum sensing and biofilm formation	Biofilm_Adhesin_Biosynthesis
si_0763	18.6	Regulation and Cell signaling	Quorum sensing and biofilm formation	Biofilm_formation_in_Staphylococcus
si_0764	10.5	Regulation and Cell signaling	Quorum sensing and biofilm formation	Quorum-sensing_in_Vibrio
si_0765	0	Regulation and Cell signaling	Quorum sensing and biofilm formation	Quorum_sensing_in_Yersinia
si_0766	0	Regulation and Cell signaling	Quorum sensing and biofilm formation	Quorum_sensing_regulation_in_Pseudomonas
si_0767	0	Regulation and Cell signaling	Quorum sensing and biofilm formation	Symbiotic_colonization_and_sigma-dependent_biofilm_formation_gene_cluster
si_0768	0	Regulation and Cell signaling	Regulation of virulence	A_conserved_operon_linked_to_TyrR_and_possibly_involved_in_virulence
si_0769	0	Regulation and Cell signaling	Regulation of virulence	SpeB-SpeF_extended_regulon
si_0770	0	Regulation and Cell signaling	Regulation of virulence	Streptococcal_Mga_Regulon
si_0771	0	Regulation and Cell signaling	Regulation of virulence	Streptococcus_pyogenes_virulence_regulators
si_0772	0	Regulation and Cell signaling	Regulation of virulence	Two-component_Response_Regulator_of_Virulence_ResDE
si_0773	0	Regulation and Cell signaling	Regulation of virulence	VieSAB_signal_transduction_system_of_Vibrio
si_0774	4576.1	Regulation and Cell signaling	Unclassified regulation and cell signaling	Cell_envelope-associated_LytR-CpsA-Psr_transcriptional_attenuators
si_0775	0	Regulation and Cell signaling	Unclassified regulation and cell signaling	CytR_regulation
si_0776	107.9	Regulation and Cell signaling	Unclassified regulation and cell signaling	DNA-binding_regulatory_proteins,_strays
si_0777	1.9	Regulation and Cell signaling	Unclassified regulation and cell signaling	Global_Two-component_Regulator_PrrBA_in_Proteobacteria
si_0778	80.7	Regulation and Cell signaling	Unclassified regulation and cell signaling	HPr_catabolite_repression_system
si_0779	155.2	Regulation and Cell signaling	Unclassified regulation and cell signaling	Orphan_regulatory_proteins
si_0780	5	Regulation and Cell signaling	Unclassified regulation and cell signaling	Oxygen_and_light_sensor_PpaA-PpsR
si_0781	1.4	Regulation and Cell signaling	Unclassified regulation and cell signaling	Pseudomonas_quinolone_signal_PQS
si_0782	0	Regulation and Cell signaling	Unclassified regulation and cell signaling	Rcs_phosphorelay_signal_transduction_pathway
si_0783	352.2	Regulation and Cell signaling	Unclassified regulation and cell signaling	Sex_pheromones_in_Enterococcus_faecalis_and_other_Firmicutes
si_0784	137.3	Regulation and Cell signaling	Unclassified regulation and cell signaling	Stringent_Response,_(p)ppGpp_metabolism
si_0785	3.1	Regulation and Cell signaling	Unclassified regulation and cell signaling	The_Chv_regulatory_system_of_Alphaproteobacteria
si_0786	208.4	Regulation and Cell signaling	Unclassified regulation and cell signaling	Trans-envelope_signaling_system_VreARI_in_Pseudomonas
si_0787	0	Regulation and Cell signaling	Unclassified regulation and cell signaling	Two-component_regulatory_systems_in_Campylobacter
si_0788	1	Regulation and Cell signaling	Unclassified regulation and cell signaling	WhiB_and_WhiB-type_regulatory_proteins_
si_0789	2979.4	Regulation and Cell signaling	Unclassified regulation and cell signaling	Zinc_regulated_enzymes
si_0790	6479.4	Regulation and Cell signaling	Unclassified regulation and cell signaling	cAMP_signaling_in_bacteria
si_0791	115861.7	Respiration	ATP synthases	F0F1-type_ATP_synthase
si_0792	15807.7	Respiration	ATP synthases	V-Type_ATP_synthase
si_0793	4949.2	Respiration	Electron accepting reactions	Anaerobic_respiratory_reductases
si_0794	1.3	Respiration	Electron accepting reactions	Terminal_AA3-600_quinol_oxidase
si_0795	3342.8	Respiration	Electron accepting reactions	Terminal_cytochrome_C_oxidases
si_0796	17.4	Respiration	Electron accepting reactions	Terminal_cytochrome_O_ubiquinol_oxidase
si_0797	1191.1	Respiration	Electron accepting reactions	Terminal_cytochrome_d_ubiquinol_oxidases
si_0798	1208.5	Respiration	Electron accepting reactions	Terminal_cytochrome_oxidases
si_0799	973	Respiration	Electron accepting reactions	Tetrathionate_respiration
si_0800	16791	Respiration	Electron accepting reactions	Ubiquinone_Menaquinone-cytochrome_c_reductase_complexes
si_0801	5.4	Respiration	Electron accepting reactions	trimethylamine_N-oxide_(TMAO)_reductase
si_0802	843.2	Respiration	Electron donating reactions	CO_Dehydrogenase
si_0803	0.5	Respiration	Electron donating reactions	Coenzyme_F420-H2_dehydrogenase_(methanophenazine)
si_0804	0	Respiration	Electron donating reactions	Coenzyme_F420_hydrogenase
si_0805	1.9	Respiration	Electron donating reactions	Energy-conserving_hydrogenase_(ferredoxin)
si_0806	1	Respiration	Electron donating reactions	Formate_dehydrogenase
si_0807	0	Respiration	Electron donating reactions	H2:CoM-S-S-HTP_oxidoreductase
si_0808	2008.5	Respiration	Electron donating reactions	Hydrogenases
si_0809	0	Respiration	Electron donating reactions	Methanophenazine_hydrogenase
si_0810	9.1	Respiration	Electron donating reactions	Na(+)-translocating_NADH-quinone_oxidoreductase_and_rnf-like_group_of_electron_transport_complexes
si_0811	482.9	Respiration	Electron donating reactions	NiFe_hydrogenase_maturation
si_0812	43665.7	Respiration	Electron donating reactions	Respiratory_Complex_I
si_0813	3565.1	Respiration	Electron donating reactions	Respiratory_dehydrogenases_1
si_0814	8842.2	Respiration	Electron donating reactions	Succinate_dehydrogenase
si_0815	911.2	Respiration	Sodium Ion-Coupled Energetics	Na+_translocating_decarboxylases_and_related_biotin-dependent_enzymes
si_0816	2162.6	Respiration	Unclassified respiration	Biogenesis_of_c-type_cytochromes
si_0817	769	Respiration	Unclassified respiration	Biogenesis_of_cbb3-type_cytochrome_c_oxidases
si_0818	1251	Respiration	Unclassified respiration	Biogenesis_of_cytochrome_c_oxidases
si_0819	843.5	Respiration	Unclassified respiration	Carbon_monoxide_dehydrogenase_maturation_factors
si_0820	176.3	Respiration	Unclassified respiration	Carbon_monoxide_induced_hydrogenase
si_0821	2737	Respiration	Unclassified respiration	Cytochrome_B6-F_complex
si_0822	0	Respiration	Unclassified respiration	Flavocytochrome_C
si_0823	3763.9	Respiration	Unclassified respiration	Formate_hydrogenase
si_0824	28.7	Respiration	Unclassified respiration	Quinone_oxidoreductase_family
si_0825	3	Respiration	Unclassified respiration	Reductive_Dechlorination
si_0826	13193.6	Respiration	Unclassified respiration	Soluble_cytochromes_and_functionally_related_electron_carriers
si_0827	20.1	Secondary Metabolism	Aromatic amino acids and derivatives	Cinnamic_Acid_Degradation
si_0828	0	Secondary Metabolism	Bacterial cytostatics, differentiation factors and antibiotics	2-isocapryloyl-3R-hydroxymethyl-gamma-butyrolactone_and_other_bacterial_morphogens
si_0829	100.5	Secondary Metabolism	Bacterial cytostatics, differentiation factors and antibiotics	Clavulanic_acid_biosynthesis
si_0830	0.1	Secondary Metabolism	Bacterial cytostatics, differentiation factors and antibiotics	Nonribosomal_peptide_synthetases_(NRPS)_in_Frankia_sp._Ccl3
si_0831	0	Secondary Metabolism	Bacterial cytostatics, differentiation factors and antibiotics	Paerucumarin_Biosynthesis
si_0832	0.3	Secondary Metabolism	Bacterial cytostatics, differentiation factors and antibiotics	Phenazine_biosynthesis
si_0833	0	Secondary Metabolism	Biologically active compounds in metazoan cell defence and differentiation	Steroid_sulfates
si_0834	0	Secondary Metabolism	Biosynthesis of phenylpropanoids	Apigenin_derivatives
si_0835	334.8	Secondary Metabolism	Biosynthesis of phenylpropanoids	Biflavanoid_biosynthesis
si_0836	104.7	Secondary Metabolism	Biosynthesis of phenylpropanoids	Caffeic_acid_derivatives
si_0837	31.8	Secondary Metabolism	Biosynthesis of phenylpropanoids	Flavanone_biosynthesis
si_0838	0.3	Secondary Metabolism	Biosynthesis of phenylpropanoids	Phenylpropionate_Degradation
si_0839	334.8	Secondary Metabolism	Biosynthesis of phenylpropanoids	Tannin_biosynthesis
si_0840	119	Secondary Metabolism	Plant Alkaloids	Alkaloid_biosynthesis_from_L-lysine
si_0841	3882.9	Secondary Metabolism	Plant Hormones	Auxin_biosynthesis
si_0842	0	Secondary Metabolism	Plant Hormones	Auxin_degradation
si_0843	761.3	Stress Response	Acid stress	Acid_resistance_mechanisms
si_0844	39.3	Stress Response	Acid stress	Glutamate_transporter_involved_in_acid_tolerance_in_Streptococcus
si_0845	4961.6	Stress Response	Cold shock	Cold_shock,_CspA_family_of_proteins
si_0846	43.7	Stress Response	Dessication stress	O-antigen_capsule_important_for_environmental_persistence
si_0847	69.3	Stress Response	Detoxification	D-tyrosyl-tRNA(Tyr)_deacylase
si_0848	2160.3	Stress Response	Detoxification	Glutathione-dependent_pathway_of_formaldehyde_detoxification
si_0849	131	Stress Response	Detoxification	Tellurite_resistance:_Chromosomal_determinants
si_0850	992.7	Stress Response	Detoxification	Uptake_of_selenate_and_selenite
si_0851	123912.3	Stress Response	Heat shock	Heat_shock_dnaK_gene_cluster_extended
si_0852	0	Stress Response	Osmotic stress	Betaine_biosynthesis_from_glycine
si_0853	4413.2	Stress Response	Osmotic stress	Choline_and_Betaine_Uptake_and_Betaine_Biosynthesis
si_0854	11.1	Stress Response	Osmotic stress	Ectoine_biosynthesis_and_regulation
si_0855	3.5	Stress Response	Osmotic stress	Osmoprotectant_ABC_transporter_YehZYXW_of_Enterobacteriales
si_0856	2961.3	Stress Response	Osmotic stress	Osmoregulation
si_0857	310.2	Stress Response	Osmotic stress	Synthesis_of_osmoregulated_periplasmic_glucans
si_0858	719.5	Stress Response	Oxidative stress	Glutaredoxins
si_0859	2125.4	Stress Response	Oxidative stress	Glutathione:_Biosynthesis_and_gamma-glutamyl_cycle
si_0860	3321.5	Stress Response	Oxidative stress	Glutathione:_Non-redox_reactions
si_0861	6721.8	Stress Response	Oxidative stress	Glutathione:_Redox_cycle
si_0862	314.1	Stress Response	Oxidative stress	Glutathione_analogs:_mycothiol
si_0863	0	Stress Response	Oxidative stress	Glutathionylspermidine_and_Trypanothione
si_0864	8773.3	Stress Response	Oxidative stress	Oxidative_stress
si_0865	3305	Stress Response	Oxidative stress	Protection_from_Reactive_Oxygen_Species
si_0866	28974.2	Stress Response	Oxidative stress	Redox-dependent_regulation_of_nucleus_processes
si_0867	2081.4	Stress Response	Oxidative stress	Regulation_of_Oxidative_Stress_Response
si_0868	4632.6	Stress Response	Oxidative stress	Rubrerythrin
si_0869	0	Stress Response	Periplasmic Stress	Periplasmic_Acid_Stress_Response_in_Enterobacteria
si_0870	1277.5	Stress Response	Periplasmic Stress	Periplasmic_Stress_Response
si_0871	292.4	Stress Response	Unclassified stress response	Bacterial_hemoglobins
si_0872	80.6	Stress Response	Unclassified stress response	Carbon_Starvation
si_0873	0	Stress Response	Unclassified stress response	Commensurate_regulon_activation
si_0874	944.7	Stress Response	Unclassified stress response	Dimethylarginine_metabolism
si_0875	58.5	Stress Response	Unclassified stress response	Flavohaemoglobin
si_0876	4901.3	Stress Response	Unclassified stress response	Hfl_operon
si_0877	0	Stress Response	Unclassified stress response	Phage_shock_protein_(psp)_operon
si_0878	812.7	Stress Response	Unclassified stress response	SigmaB_stress_responce_regulation
si_0879	0	Stress Response	Unclassified stress response	Sugar-phosphate_stress_regulation
si_0880	215.6	Stress Response	Unclassified stress response	Universal_stress_protein_family
si_0881	7709.8	Sulfur Metabolism	Inorganic sulfur assimilation	Inorganic_Sulfur_Assimilation
si_0882	643.5	Sulfur Metabolism	Organic sulfur assimilation	Alkanesulfonate_assimilation
si_0883	196.9	Sulfur Metabolism	Organic sulfur assimilation	Alkanesulfonates_Utilization
si_0884	0	Sulfur Metabolism	Organic sulfur assimilation	DMSP_breakdown
si_0885	144.6	Sulfur Metabolism	Organic sulfur assimilation	L-Cystine_Uptake_and_Metabolism
si_0886	94.2	Sulfur Metabolism	Organic sulfur assimilation	Taurine_Utilization
si_0887	102.3	Sulfur Metabolism	Organic sulfur assimilation	Utilization_of_glutathione_as_a_sulphur_source
si_0888	104.8	Sulfur Metabolism	Unclassified sulfur metabolism	Dimethylsulfoniopropionate_(DMSP)_mineralization
si_0889	655.7	Sulfur Metabolism	Unclassified sulfur metabolism	Galactosylceramide_and_Sulfatide_metabolism
si_0890	0	Sulfur Metabolism	Unclassified sulfur metabolism	Release_of_Dimethyl_Sulfide_(DMS)_from_Dimethylsulfoniopropionate_(DMSP)
si_0891	171	Sulfur Metabolism	Unclassified sulfur metabolism	Sulfate_reduction-associated_complexes
si_0892	211.9	Sulfur Metabolism	Unclassified sulfur metabolism	Sulfur_oxidation
si_0893	8358.6	Sulfur Metabolism	Unclassified sulfur metabolism	Thioredoxin-disulfide_reductase
si_0894	0	Virulence	Adhesion	Type_1_pili_(mannose-sensitive_fimbriae)
si_0895	0	Virulence	Fimbriae of the Chaperone/Usher Assembly Pathway	&#945;-Fimbriae
si_0896	0	Virulence	Fimbriae of the Chaperone/Usher Assembly Pathway	&#945;-related_Fimbriae_in_Yersinia
si_0897	26.5	Virulence	Fimbriae of the Chaperone/Usher Assembly Pathway	&#946;-Fimbriae
si_0898	0	Virulence	Fimbriae of the Chaperone/Usher Assembly Pathway	&#954;-Fimbriae
si_0899	23.2	Virulence	Fimbriae of the Chaperone/Usher Assembly Pathway	&#963;-Fimbriae
si_0900	0	Virulence	Quorum sensing and biofilm formation	Acyl_Homoserine_Lactone_(AHL)_Autoinducer_Quorum_Sensing_
si_0901	4054.3	Virulence	Resistance to antibiotics and toxic compounds	BlaR1_Family_Regulatory_Sensor-transducer_Disambiguation
si_0902	0	Virulence	Resistance to antibiotics and toxic compounds	Erythromycin_resistance
si_0903	18.6	Virulence	Resistance to antibiotics and toxic compounds	Polymyxin_Synthetase_Gene_Cluster_in_Bacillus
si_0904	0	Virulence	Toxins and superantigens	Diphtheria_toxin
si_0905	0	Virulence	Toxins and superantigens	Streptococcus_agalactiae_hemolysin_operon
si_0906	3023.1	Virulence	Type III, Type IV, Type VI, ESAT secretion systems	Type_4_secretion_and_conjugative_transfer
si_0907	0	Virulence	Unclassified virulence	Streptococcus_agalactiae_virulome
si_0908	0	Virulence, Disease and Defense	Adhesion	Accessory_colonization_factor
si_0909	184.2	Virulence, Disease and Defense	Adhesion	Adhesins_in_Staphylococcus
si_0910	0	Virulence, Disease and Defense	Adhesion	Adhesion_of_Campylobacter
si_0911	0	Virulence, Disease and Defense	Adhesion	Decorin_binding_proteins_of_Borrelia
si_0912	0	Virulence, Disease and Defense	Adhesion	Mediator_of_hyperadherence_YidE_in_Enterobacteria_and_its_conserved_region
si_0913	1.7	Virulence, Disease and Defense	Adhesion	Streptococcus_pyogenes_recombinatorial_zone
si_0914	144.7	Virulence, Disease and Defense	Bacteriocins, ribosomally synthesized antibacterial peptides	Bacitracin_Stress_Response
si_0915	59.2	Virulence, Disease and Defense	Bacteriocins, ribosomally synthesized antibacterial peptides	Bacteriocin-like_peptides_Blp
si_0916	59.7	Virulence, Disease and Defense	Bacteriocins, ribosomally synthesized antibacterial peptides	Marinocine,_a_broad-spectrum_antibacterial_protein
si_0917	0.2	Virulence, Disease and Defense	Bacteriocins, ribosomally synthesized antibacterial peptides	Tolerance_to_colicin_E2
si_0918	3042.8	Virulence, Disease and Defense	Detection	MLST
si_0919	0	Virulence, Disease and Defense	Invasion and intracellular resistance	Cytolysin_and_Lipase_operon_in_Vibrio
si_0920	0	Virulence, Disease and Defense	Invasion and intracellular resistance	Gram-Positive_Extracellular_Nucleases
si_0921	486	Virulence, Disease and Defense	Invasion and intracellular resistance	Listeria_surface_proteins:_Internalin-like_proteins
si_0922	5.9	Virulence, Disease and Defense	Invasion and intracellular resistance	Listeria_surface_proteins:_LPXTG_motif
si_0923	0	Virulence, Disease and Defense	Invasion and intracellular resistance	Salmonella_invasion_locus
si_0924	400.4	Virulence, Disease and Defense	Resistance to antibiotics and toxic compounds	Adaptation_to_d-cysteine
si_0925	10.9	Virulence, Disease and Defense	Resistance to antibiotics and toxic compounds	Aminoglycoside_adenylyltransferases
si_0926	1415.7	Virulence, Disease and Defense	Resistance to antibiotics and toxic compounds	Arsenic_resistance
si_0927	761.5	Virulence, Disease and Defense	Resistance to antibiotics and toxic compounds	Beta-lactamase
si_0928	1148.4	Virulence, Disease and Defense	Resistance to antibiotics and toxic compounds	Cadmium_resistance
si_0929	6292.8	Virulence, Disease and Defense	Resistance to antibiotics and toxic compounds	Cobalt-zinc-cadmium_resistance
si_0930	11737	Virulence, Disease and Defense	Resistance to antibiotics and toxic compounds	Copper_homeostasis
si_0931	0	Virulence, Disease and Defense	Resistance to antibiotics and toxic compounds	Fosfomycin_resistance
si_0932	0	Virulence, Disease and Defense	Resistance to antibiotics and toxic compounds	Lysozyme_inhibitors
si_0933	320.2	Virulence, Disease and Defense	Resistance to antibiotics and toxic compounds	Mercuric_reductase
si_0934	313	Virulence, Disease and Defense	Resistance to antibiotics and toxic compounds	Mercury_resistance_operon
si_0935	1622	Virulence, Disease and Defense	Resistance to antibiotics and toxic compounds	Methicillin_resistance_in_Staphylococci
si_0936	0	Virulence, Disease and Defense	Resistance to antibiotics and toxic compounds	MexA-MexB-OprM_Multidrug_Efflux_System
si_0937	0	Virulence, Disease and Defense	Resistance to antibiotics and toxic compounds	MexC-MexD-OprJ_Multidrug_Efflux_System
si_0938	0	Virulence, Disease and Defense	Resistance to antibiotics and toxic compounds	MexE-MexF-OprN_Multidrug_Efflux_System
si_0939	8402	Virulence, Disease and Defense	Resistance to antibiotics and toxic compounds	Multidrug_Resistance_Efflux_Pumps
si_0940	66.3	Virulence, Disease and Defense	Resistance to antibiotics and toxic compounds	Multidrug_Resistance_Operon_mdtRP_of_Bacillus
si_0941	0	Virulence, Disease and Defense	Resistance to antibiotics and toxic compounds	Multidrug_efflux_pump_in_Campylobacter_jejuni_(CmeABC_operon)
si_0942	0	Virulence, Disease and Defense	Resistance to antibiotics and toxic compounds	Multiple_Antibiotic_Resistance_MAR_locus
si_0943	754.1	Virulence, Disease and Defense	Resistance to antibiotics and toxic compounds	Resistance_to_Vancomycin
si_0944	16.8	Virulence, Disease and Defense	Resistance to antibiotics and toxic compounds	Resistance_to_chromium_compounds
si_0945	2333.3	Virulence, Disease and Defense	Resistance to antibiotics and toxic compounds	Resistance_to_fluoroquinolones
si_0946	10.5	Virulence, Disease and Defense	Resistance to antibiotics and toxic compounds	Streptococcus_pneumoniae_Vancomycin_Tolerance_Locus
si_0947	0	Virulence, Disease and Defense	Resistance to antibiotics and toxic compounds	Streptothricin_resistance
si_0948	0	Virulence, Disease and Defense	Resistance to antibiotics and toxic compounds	Teicoplanin-resistance_in_Staphylococcus
si_0949	0	Virulence, Disease and Defense	Resistance to antibiotics and toxic compounds	The_mdtABCD_multidrug_resistance_cluster
si_0950	640.1	Virulence, Disease and Defense	Resistance to antibiotics and toxic compounds	Zinc_resistance
si_0951	0	Virulence, Disease and Defense	Toxins and superantigens	Cholera_toxin
si_0952	0	Virulence, Disease and Defense	Toxins and superantigens	Cytolethal_distending_toxin_of_Campylobacter_jejuni
si_0953	0	Virulence, Disease and Defense	Toxins and superantigens	Cytolethal_distending_toxins
si_0954	0	Virulence, Disease and Defense	Toxins and superantigens	Pertussis_toxin
si_0955	0	Virulence, Disease and Defense	Toxins and superantigens	Prophage-encoded_Exotoxins
si_0956	0	Virulence, Disease and Defense	Toxins and superantigens	SLO-NADGH_Locus
si_0957	0	Virulence, Disease and Defense	Toxins and superantigens	Staphylococcus_Two-component_and_Pore-forming_Cytolysins
si_0958	26.7	Virulence, Disease and Defense	Toxins and superantigens	Streptolysin_S_Biosynthesis_and_Transport
si_0959	76.7	Virulence, Disease and Defense	Unclassified virulence, disease and defense	Bacterial_cyanide_production_and_tolerance_mechanisms
si_0960	0	Virulence, Disease and Defense	Unclassified virulence, disease and defense	C_jejuni_colonization_of_chick_caeca
si_0961	5469.4	Virulence, Disease and Defense	Unclassified virulence, disease and defense	Streptococcus_pyogenes_Virulome
si_0962	9736855	No Function Match	No Function Match	None
