indx	id	fragments	level1	level2	subsystem
0	si_0000	4	Amino Acids and Derivatives	Alanine, serine, and glycine	Alanine_biosynthesis
1	si_0001	2.4	Amino Acids and Derivatives	Alanine, serine, and glycine	Glycine_Biosynthesis
2	si_0002	14.3	Amino Acids and Derivatives	Alanine, serine, and glycine	Glycine_and_Serine_Utilization
3	si_0003	2.4	Amino Acids and Derivatives	Alanine, serine, and glycine	Glycine_cleavage_system
4	si_0004	4	Amino Acids and Derivatives	Alanine, serine, and glycine	Serine_Biosynthesis
5	si_0005	0	Amino Acids and Derivatives	Arginine; urea cycle, polyamines	Anaerobic_Oxidative_Degradation_of_L-Ornithine
6	si_0006	9.5	Amino Acids and Derivatives	Arginine; urea cycle, polyamines	Arginine_Biosynthesis_extended
7	si_0007	2.6	Amino Acids and Derivatives	Arginine; urea cycle, polyamines	Arginine_Deiminase_Pathway
8	si_0008	21.8	Amino Acids and Derivatives	Arginine; urea cycle, polyamines	Arginine_and_Ornithine_Degradation
9	si_0009	0.8	Amino Acids and Derivatives	Arginine; urea cycle, polyamines	Cyanophycin_Metabolism
10	si_0010	20.2	Amino Acids and Derivatives	Arginine; urea cycle, polyamines	Polyamine_Metabolism
11	si_0011	3.7	Amino Acids and Derivatives	Arginine; urea cycle, polyamines	Putrescine_utilization_pathways
12	si_0012	3.9	Amino Acids and Derivatives	Arginine; urea cycle, polyamines	Urea_decomposition
13	si_0013	3.9	Amino Acids and Derivatives	Aromatic amino acids and derivatives	Aromatic_amino_acid_degradation
14	si_0014	0.6	Amino Acids and Derivatives	Aromatic amino acids and derivatives	Aromatic_amino_acid_interconversions_with_aryl_acids
15	si_0015	0	Amino Acids and Derivatives	Aromatic amino acids and derivatives	Bacilysin_biosynthesis
16	si_0016	2.6	Amino Acids and Derivatives	Aromatic amino acids and derivatives	Chorismate:_Intermediate_for_synthesis_of_PAPA_antibiotics,_PABA,_anthranilate,_3-hydroxyanthranilate_and_more.
17	si_0017	6.4	Amino Acids and Derivatives	Aromatic amino acids and derivatives	Chorismate_Synthesis
18	si_0018	7	Amino Acids and Derivatives	Aromatic amino acids and derivatives	Common_Pathway_For_Synthesis_of_Aromatic_Compounds_(DAHP_synthase_to_chorismate)
19	si_0019	0	Amino Acids and Derivatives	Aromatic amino acids and derivatives	Indole-pyruvate_oxidoreductase_complex
20	si_0020	3.6	Amino Acids and Derivatives	Aromatic amino acids and derivatives	Phenylalanine_and_Tyrosine_Branches_from_Chorismate
21	si_0021	0.1	Amino Acids and Derivatives	Aromatic amino acids and derivatives	Tryptophan_catabolism
22	si_0022	2.5	Amino Acids and Derivatives	Aromatic amino acids and derivatives	Tryptophan_synthesis
23	si_0023	7.7	Amino Acids and Derivatives	Branched-chain amino acids	Branched-Chain_Amino_Acid_Biosynthesis
24	si_0024	0.4	Amino Acids and Derivatives	Branched-chain amino acids	Branched_chain_amino_acid_degradation_regulons
25	si_0025	1.7	Amino Acids and Derivatives	Branched-chain amino acids	HMG_CoA_Synthesis
26	si_0026	3.3	Amino Acids and Derivatives	Branched-chain amino acids	Isoleucine_degradation
27	si_0027	0	Amino Acids and Derivatives	Branched-chain amino acids	Ketoisovalerate_oxidoreductase
28	si_0028	1.3	Amino Acids and Derivatives	Branched-chain amino acids	Leucine_Biosynthesis
29	si_0029	2.5	Amino Acids and Derivatives	Branched-chain amino acids	Leucine_Degradation_and_HMG-CoA_Metabolism
30	si_0030	3.5	Amino Acids and Derivatives	Branched-chain amino acids	Valine_degradation
31	si_0031	0.3	Amino Acids and Derivatives	Glutamine, glutamate, aspartate, asparagine; ammonia assimilation	Glutamate_dehydrogenases
32	si_0032	15.1	Amino Acids and Derivatives	Glutamine, glutamate, aspartate, asparagine; ammonia assimilation	Glutamine,_Glutamate,_Aspartate_and_Asparagine_Biosynthesis
33	si_0033	0.2	Amino Acids and Derivatives	Glutamine, glutamate, aspartate, asparagine; ammonia assimilation	Glutamine_synthetases
34	si_0034	1.2	Amino Acids and Derivatives	Glutamine, glutamate, aspartate, asparagine; ammonia assimilation	Poly-gamma-glutamate_biosynthesis
35	si_0035	9.6	Amino Acids and Derivatives	Histidine Metabolism	Histidine_Biosynthesis
36	si_0036	2.4	Amino Acids and Derivatives	Histidine Metabolism	Histidine_Degradation
37	si_0037	11.3	Amino Acids and Derivatives	Lysine, threonine, methionine, and cysteine	Cysteine_Biosynthesis
38	si_0038	10.3	Amino Acids and Derivatives	Lysine, threonine, methionine, and cysteine	Lysine_Biosynthesis_DAP_Pathway
39	si_0039	0.4	Amino Acids and Derivatives	Lysine, threonine, methionine, and cysteine	Lysine_biosynthesis_AAA_pathway_2
40	si_0040	5.2	Amino Acids and Derivatives	Lysine, threonine, methionine, and cysteine	Lysine_degradation
41	si_0041	1.3	Amino Acids and Derivatives	Lysine, threonine, methionine, and cysteine	Lysine_fermentation
42	si_0042	19.1	Amino Acids and Derivatives	Lysine, threonine, methionine, and cysteine	Methionine_Biosynthesis
43	si_0043	8.1	Amino Acids and Derivatives	Lysine, threonine, methionine, and cysteine	Methionine_Degradation
44	si_0044	1	Amino Acids and Derivatives	Lysine, threonine, methionine, and cysteine	Methionine_Salvage
45	si_0045	7.9	Amino Acids and Derivatives	Lysine, threonine, methionine, and cysteine	Threonine_anaerobic_catabolism_gene_cluster
46	si_0046	7.9	Amino Acids and Derivatives	Lysine, threonine, methionine, and cysteine	Threonine_and_Homoserine_Biosynthesis
47	si_0047	4.4	Amino Acids and Derivatives	Lysine, threonine, methionine, and cysteine	Threonine_degradation
48	si_0048	1	Amino Acids and Derivatives	Proline and 4-hydroxyproline	A_Hypothetical_Protein_Related_to_Proline_Metabolism
49	si_0049	8.7	Amino Acids and Derivatives	Proline and 4-hydroxyproline	Proline,_4-hydroxyproline_uptake_and_utilization
50	si_0050	2.8	Amino Acids and Derivatives	Proline and 4-hydroxyproline	Proline_Synthesis
51	si_0051	0	Amino Acids and Derivatives	Unclassified amino acids and derivatives	Creatine_and_Creatinine_Degradation
52	si_0052	0	Amino Acids and Derivatives	Unclassified amino acids and derivatives	L-2-amino-thiazoline-4-carboxylic_acid-Lcysteine_conversion
53	si_0053	0.1	Amino Acids and Derivatives	Unclassified amino acids and derivatives	Phosphonoalanine_utilization
54	si_0054	0.6	Carbohydrates	Aminosugars	(GlcNAc)2_Catabolic_Operon
55	si_0055	10.7	Carbohydrates	Aminosugars	Chitin_and_N-acetylglucosamine_utilization
56	si_0056	5	Carbohydrates	Aminosugars	Fructoselysine_(Amadori_product)_utilization_pathway
57	si_0057	7.6	Carbohydrates	Aminosugars	N-Acetyl-Galactosamine_and_Galactosamine_Utilization
58	si_0058	0.5	Carbohydrates	Aminosugars	Neotrehalosadiamine_(NTD)_Biosynthesis_Operon
59	si_0059	2.3	Carbohydrates	CO2 fixation	CO2_uptake,_carboxysome
60	si_0060	5.6	Carbohydrates	CO2 fixation	Calvin-Benson_cycle
61	si_0061	0.9	Carbohydrates	CO2 fixation	Carboxysome
62	si_0062	8.9	Carbohydrates	CO2 fixation	Photorespiration_(oxidative_C2_cycle)
63	si_0063	3.3	Carbohydrates	Central carbohydrate metabolism	Dehydrogenase_complexes
64	si_0064	3.3	Carbohydrates	Central carbohydrate metabolism	Dihydroxyacetone_kinases
65	si_0065	9	Carbohydrates	Central carbohydrate metabolism	Entner-Doudoroff_Pathway
66	si_0066	0.1	Carbohydrates	Central carbohydrate metabolism	Ethylmalonyl-CoA_pathway_of_C2_assimilation
67	si_0067	8.2	Carbohydrates	Central carbohydrate metabolism	Glycolate,_glyoxylate_interconversions
68	si_0068	7.7	Carbohydrates	Central carbohydrate metabolism	Glycolysis_and_Gluconeogenesis
69	si_0069	3.1	Carbohydrates	Central carbohydrate metabolism	Glycolysis_and_Gluconeogenesis,_including_Archaeal_enzymes
70	si_0070	3.4	Carbohydrates	Central carbohydrate metabolism	Glyoxylate_bypass
71	si_0071	3.7	Carbohydrates	Central carbohydrate metabolism	Methylglyoxal_Metabolism
72	si_0072	0	Carbohydrates	Central carbohydrate metabolism	Particulate_methane_monooxygenase_(pMMO)
73	si_0073	5.8	Carbohydrates	Central carbohydrate metabolism	Pentose_phosphate_pathway
74	si_0074	0.7	Carbohydrates	Central carbohydrate metabolism	Peripheral_Glucose_Catabolism_Pathways
75	si_0075	0.3	Carbohydrates	Central carbohydrate metabolism	Pyruvate:ferredoxin_oxidoreductase
76	si_0076	6.3	Carbohydrates	Central carbohydrate metabolism	Pyruvate_Alanine_Serine_Interconversions
77	si_0077	8	Carbohydrates	Central carbohydrate metabolism	Pyruvate_metabolism_I:_anaplerotic_reactions,_PEP
78	si_0078	9.7	Carbohydrates	Central carbohydrate metabolism	Pyruvate_metabolism_II:_acetyl-CoA,_acetogenesis_from_pyruvate
79	si_0079	0	Carbohydrates	Central carbohydrate metabolism	Soluble_methane_monooxygenase_(sMMO)
80	si_0080	11.1	Carbohydrates	Central carbohydrate metabolism	TCA_Cycle
81	si_0081	9.1	Carbohydrates	Di- and oligosaccharides	Beta-Glucoside_Metabolism
82	si_0082	3.5	Carbohydrates	Di- and oligosaccharides	Fructooligosaccharides(FOS)_and_Raffinose_Utilization
83	si_0083	7.8	Carbohydrates	Di- and oligosaccharides	Lactose_and_Galactose_Uptake_and_Utilization
84	si_0084	5.9	Carbohydrates	Di- and oligosaccharides	Lactose_utilization
85	si_0085	19.6	Carbohydrates	Di- and oligosaccharides	Maltose_and_Maltodextrin_Utilization
86	si_0086	2.6	Carbohydrates	Di- and oligosaccharides	Melibiose_Utilization
87	si_0087	2.7	Carbohydrates	Di- and oligosaccharides	Sucrose_utilization
88	si_0088	0.3	Carbohydrates	Di- and oligosaccharides	Sucrose_utilization_Shewanella
89	si_0089	6.9	Carbohydrates	Di- and oligosaccharides	Trehalose_Biosynthesis
90	si_0090	8.8	Carbohydrates	Di- and oligosaccharides	Trehalose_Uptake_and_Utilization
91	si_0091	1.2	Carbohydrates	Di- and oligosaccharides	Unknown_oligosaccharide_utilization_Sde_1396
92	si_0092	3.7	Carbohydrates	Fermentation	Acetoin,_butanediol_metabolism
93	si_0093	5	Carbohydrates	Fermentation	Acetone_Butanol_Ethanol_Synthesis
94	si_0094	11.1	Carbohydrates	Fermentation	Acetyl-CoA_fermentation_to_Butyrate
95	si_0095	3.9	Carbohydrates	Fermentation	Butanol_Biosynthesis
96	si_0096	1.3	Carbohydrates	Fermentation	Fermentations:_Lactate
97	si_0097	11.6	Carbohydrates	Fermentation	Fermentations:_Mixed_acid
98	si_0098	1.5	Carbohydrates	Glycoside hydrolases	Predicted_carbohydrate_hydrolases
99	si_0099	0.1	Carbohydrates	Monosaccharides	2-Ketogluconate_Utilization
100	si_0100	15.8	Carbohydrates	Monosaccharides	D-Galacturonate_and_D-Glucuronate_Utilization
101	si_0101	7.5	Carbohydrates	Monosaccharides	D-Sorbitol(D-Glucitol)_and_L-Sorbose_Utilization
102	si_0102	5.4	Carbohydrates	Monosaccharides	D-Tagatose_and_Galactitol_Utilization
103	si_0103	2.9	Carbohydrates	Monosaccharides	D-allose_utilization
104	si_0104	4.9	Carbohydrates	Monosaccharides	D-galactarate,_D-glucarate_and_D-glycerate_catabolism
105	si_0105	3.6	Carbohydrates	Monosaccharides	D-galactonate_catabolism
106	si_0106	12	Carbohydrates	Monosaccharides	D-gluconate_and_ketogluconates_metabolism
107	si_0107	9	Carbohydrates	Monosaccharides	D-ribose_utilization
108	si_0108	7.9	Carbohydrates	Monosaccharides	Deoxyribose_and_Deoxynucleoside_Catabolism
109	si_0109	9.3	Carbohydrates	Monosaccharides	Fructose_utilization
110	si_0110	4.3	Carbohydrates	Monosaccharides	Hexose_Phosphate_Uptake_System
111	si_0111	6.7	Carbohydrates	Monosaccharides	L-Arabinose_utilization
112	si_0112	11.3	Carbohydrates	Monosaccharides	L-ascorbate_utilization_(and_related_gene_clusters)
113	si_0113	5.9	Carbohydrates	Monosaccharides	L-fucose_utilization
114	si_0114	0.5	Carbohydrates	Monosaccharides	L-fucose_utilization_temp
115	si_0115	12.2	Carbohydrates	Monosaccharides	L-rhamnose_utilization
116	si_0116	10.8	Carbohydrates	Monosaccharides	Mannose_Metabolism
117	si_0117	10	Carbohydrates	Monosaccharides	Xylose_utilization
118	si_0118	0	Carbohydrates	One-carbon Metabolism	Formaldehyde_assimilation:_Ribulose_monophosphate_pathway
119	si_0119	0	Carbohydrates	One-carbon Metabolism	Methanogenesis
120	si_0120	0.1	Carbohydrates	One-carbon Metabolism	Methanogenesis_from_methylated_compounds
121	si_0121	2	Carbohydrates	One-carbon Metabolism	One-carbon_metabolism_by_tetrahydropterines
122	si_0122	11.4	Carbohydrates	One-carbon Metabolism	Serine-glyoxylate_cycle
123	si_0123	0	Carbohydrates	Organic acids	2-methylcitrate_to_2-methylaconitate_metabolism_cluster
124	si_0124	0	Carbohydrates	Organic acids	Alpha-acetolactate_operon
125	si_0125	4.3	Carbohydrates	Organic acids	Glycerate_metabolism
126	si_0126	0.4	Carbohydrates	Organic acids	Isobutyryl-CoA_to_Propionyl-CoA_Module
127	si_0127	5.9	Carbohydrates	Organic acids	Lactate_utilization
128	si_0128	1	Carbohydrates	Organic acids	Malonate_decarboxylase
129	si_0129	1.9	Carbohydrates	Organic acids	Methylcitrate_cycle
130	si_0130	1.3	Carbohydrates	Organic acids	Propionate-CoA_to_Succinate_Module
131	si_0131	0.4	Carbohydrates	Organic acids	Propionyl-CoA_to_Succinyl-CoA_Module
132	si_0132	0.5	Carbohydrates	Organic acids	Tricarballylate_Utilization
133	si_0133	1.2	Carbohydrates	Polysaccharides	Alpha-Amylase_locus_in_Streptocococcus
134	si_0134	0	Carbohydrates	Polysaccharides	Cellulosome
135	si_0135	4.8	Carbohydrates	Polysaccharides	Glycogen_metabolism
136	si_0136	0	Carbohydrates	Polysaccharides	Unknown_carbohydrate_utilization_containing_Fructose-bisphosphate_aldolase
137	si_0137	0.1	Carbohydrates	Polysaccharides	Xyloglucan_Utilization
138	si_0138	1	Carbohydrates	Sugar alcohols	Erythritol_utilization
139	si_0139	12.7	Carbohydrates	Sugar alcohols	Ethanolamine_utilization
140	si_0140	12.7	Carbohydrates	Sugar alcohols	Glycerol_and_Glycerol-3-phosphate_Uptake_and_Utilization
141	si_0141	0.3	Carbohydrates	Sugar alcohols	Glycerol_fermenation_to_1,3-propanediol
142	si_0142	5	Carbohydrates	Sugar alcohols	Inositol_catabolism
143	si_0143	6.3	Carbohydrates	Sugar alcohols	Mannitol_Utilization
144	si_0144	2.4	Carbohydrates	Sugar alcohols	Propanediol_utilization
145	si_0145	4.5	Carbohydrates	Unclassified carbohydrates	Conserved_cluster_around_inner_membrane_protein_gene_yghQ,_probably_involved_in_polysaccharide_biosynthesis
146	si_0146	0.2	Carbohydrates	Unclassified carbohydrates	Lacto-N-Biose_I_and_Galacto-N-Biose_Metabolic_Pathway
147	si_0147	8.3	Carbohydrates	Unclassified carbohydrates	Sugar_utilization_in_Thermotogales
148	si_0148	11.7	Carbohydrates	Unclassified carbohydrates	Unknown_carbohydrate_utilization_(_cluster_Ydj_)
149	si_0149	5.7	Carbohydrates	Unclassified carbohydrates	Unknown_carbohydrate_utilization_(_cluster_Yeg_)
150	si_0150	4.6	Carbohydrates	Unclassified carbohydrates	Unknown_sugar_utilization_(cluster_yphABCDEFG)
151	si_0151	0	Carbohydrates	Unclassified carbohydrates	VC0266
152	si_0152	1.5	Carbohydrates	Unclassified carbohydrates	beta-glucuronide_utilization
153	si_0153	15.3	Cell Division and Cell Cycle	Unclassified cell division and cell cycle	Bacterial_Cytoskeleton
154	si_0154	0.7	Cell Division and Cell Cycle	Unclassified cell division and cell cycle	Control_of_cell_elongation_-_division_cycle_in_Bacilli
155	si_0155	0.7	Cell Division and Cell Cycle	Unclassified cell division and cell cycle	Cyanobacterial_Circadian_Clock
156	si_0156	0.1	Cell Division and Cell Cycle	Unclassified cell division and cell cycle	Heterocyst_formation_in_cyanobacteria
157	si_0157	2.7	Cell Division and Cell Cycle	Unclassified cell division and cell cycle	Intracellular_septation_in_Enterobacteria
158	si_0158	2	Cell Division and Cell Cycle	Unclassified cell division and cell cycle	Macromolecular_synthesis_operon
159	si_0159	3.2	Cell Division and Cell Cycle	Unclassified cell division and cell cycle	MukBEF_Chromosome_Condensation
160	si_0160	4.2	Cell Division and Cell Cycle	Unclassified cell division and cell cycle	Two_cell_division_clusters_relating_to_chromosome_partitioning
161	si_0161	0.8	Cell Division and Cell Cycle	Unclassified cell division and cell cycle	YgjD_and_YeaZ
162	si_0162	2.6	Cell Wall and Capsule	Capsular and extracellular polysacchrides	Alginate_metabolism
163	si_0163	0.4	Cell Wall and Capsule	Capsular and extracellular polysacchrides	CMP-N-acetylneuraminate_Biosynthesis
164	si_0164	0.5	Cell Wall and Capsule	Capsular and extracellular polysacchrides	Capsular_Polysaccharide_(CPS)_of_Campylobacter
165	si_0165	8.1	Cell Wall and Capsule	Capsular and extracellular polysacchrides	Capsular_Polysaccharides_Biosynthesis_and_Assembly
166	si_0166	1.8	Cell Wall and Capsule	Capsular and extracellular polysacchrides	Capsular_heptose_biosynthesis
167	si_0167	21	Cell Wall and Capsule	Capsular and extracellular polysacchrides	Capsular_surface_virulence_antigen_loci
168	si_0168	10.3	Cell Wall and Capsule	Capsular and extracellular polysacchrides	Colanic_acid_biosynthesis
169	si_0169	1	Cell Wall and Capsule	Capsular and extracellular polysacchrides	Exopolysaccharide_Biosynthesis
170	si_0170	0	Cell Wall and Capsule	Capsular and extracellular polysacchrides	Extracellular_Polysaccharide_Biosynthesis_of_Streptococci
171	si_0171	0.3	Cell Wall and Capsule	Capsular and extracellular polysacchrides	Legionaminic_Acid_Biosynthesis
172	si_0172	0.3	Cell Wall and Capsule	Capsular and extracellular polysacchrides	O-Methyl_Phosphoramidate_Capsule_Modification_in_Campylobacter
173	si_0173	0	Cell Wall and Capsule	Capsular and extracellular polysacchrides	Phosphorylcholine_incorporation_in_LPS
174	si_0174	0.5	Cell Wall and Capsule	Capsular and extracellular polysacchrides	Polysaccharide_deacetylases
175	si_0175	0	Cell Wall and Capsule	Capsular and extracellular polysacchrides	Pseudaminic_Acid_Biosynthesis
176	si_0176	5.7	Cell Wall and Capsule	Capsular and extracellular polysacchrides	Rhamnose_containing_glycans
177	si_0177	0.3	Cell Wall and Capsule	Capsular and extracellular polysacchrides	Serotype_determining_Capsular_polysaccharide_biosynthesis_in_Staphylococcus
178	si_0178	22	Cell Wall and Capsule	Capsular and extracellular polysacchrides	Sialic_Acid_Metabolism
179	si_0179	2	Cell Wall and Capsule	Capsular and extracellular polysacchrides	Streptococcal_Hyaluronic_Acid_Capsule
180	si_0180	0.8	Cell Wall and Capsule	Capsular and extracellular polysacchrides	Vibrio_Polysaccharide_(VPS)_Biosynthesis
181	si_0181	1.1	Cell Wall and Capsule	Capsular and extracellular polysacchrides	Xanthan_Exopolysaccharide_Biosynthesis_and_Export
182	si_0182	4.5	Cell Wall and Capsule	Capsular and extracellular polysacchrides	YjbEFGH_Locus_Involved_in_Exopolysaccharide_Production
183	si_0183	2.9	Cell Wall and Capsule	Capsular and extracellular polysacchrides	dTDP-rhamnose_synthesis
184	si_0184	0.1	Cell Wall and Capsule	Cell wall of Mycobacteria	mycolic_acid_synthesis
185	si_0185	0	Cell Wall and Capsule	Gram-Negative cell wall components	Core_Oligosaccharide_Glycosylation_in_Pseudomonas
186	si_0186	4.1	Cell Wall and Capsule	Gram-Negative cell wall components	Inner_membrane_protein_YhjD_and_conserved_cluster_involved_in_LPS_biosynthesis
187	si_0187	19.5	Cell Wall and Capsule	Gram-Negative cell wall components	KDO2-Lipid_A_biosynthesis
188	si_0188	14.5	Cell Wall and Capsule	Gram-Negative cell wall components	LOS_core_oligosaccharide_biosynthesis
189	si_0189	8.8	Cell Wall and Capsule	Gram-Negative cell wall components	Lipid_A-Ara4N_pathway_(_Polymyxin_resistance_)
190	si_0190	6.7	Cell Wall and Capsule	Gram-Negative cell wall components	Lipid_A_modifications
191	si_0191	1.3	Cell Wall and Capsule	Gram-Negative cell wall components	Lipopolysaccharide-related_cluster_in_Alphaproteobacteria
192	si_0192	14.3	Cell Wall and Capsule	Gram-Negative cell wall components	Lipopolysaccharide_assembly
193	si_0193	2.9	Cell Wall and Capsule	Gram-Negative cell wall components	Lipoprotein_sorting_system
194	si_0194	10.1	Cell Wall and Capsule	Gram-Negative cell wall components	Major_Outer_Membrane_Proteins
195	si_0195	3.2	Cell Wall and Capsule	Gram-Negative cell wall components	Outer_membrane
196	si_0196	0.5	Cell Wall and Capsule	Gram-Negative cell wall components	Perosamine_Synthesis_Vibrio
197	si_0197	1.4	Cell Wall and Capsule	Gram-Negative cell wall components	Vibrio_Core_Oligosaccharide_Biosynthesis
198	si_0198	0.1	Cell Wall and Capsule	Gram-Positive cell wall components	Anthrose_Biosynthesis
199	si_0199	0.4	Cell Wall and Capsule	Gram-Positive cell wall components	D-Alanyl_Lipoteichoic_Acid_Biosynthesis
200	si_0200	0.2	Cell Wall and Capsule	Gram-Positive cell wall components	Polyglycerolphosphate_lipoteichoic_acid_biosynthesis
201	si_0201	0	Cell Wall and Capsule	Gram-Positive cell wall components	Sortase
202	si_0202	5.1	Cell Wall and Capsule	Gram-Positive cell wall components	Teichoic_and_lipoteichoic_acids_biosynthesis
203	si_0203	1.8	Cell Wall and Capsule	Gram-Positive cell wall components	Teichuronic_acid_biosynthesis
204	si_0204	11.9	Cell Wall and Capsule	Unclassified cell wall and capsule	Murein_Hydrolases
205	si_0205	16	Cell Wall and Capsule	Unclassified cell wall and capsule	Peptidoglycan_Biosynthesis
206	si_0206	4.5	Cell Wall and Capsule	Unclassified cell wall and capsule	Peptidoglycan_Crosslinking_of_Peptide_Stems
207	si_0207	4.1	Cell Wall and Capsule	Unclassified cell wall and capsule	Peptidoglycan_biosynthesis--gjo
208	si_0208	7.9	Cell Wall and Capsule	Unclassified cell wall and capsule	Recycling_of_Peptidoglycan_Amino_Acids
209	si_0209	1.7	Cell Wall and Capsule	Unclassified cell wall and capsule	Recycling_of_Peptidoglycan_Amino_Sugars
210	si_0210	4.1	Cell Wall and Capsule	Unclassified cell wall and capsule	UDP-N-acetylmuramate_from_Fructose-6-phosphate_Biosynthesis
211	si_0211	1.9	Cell Wall and Capsule	Unclassified cell wall and capsule	YjeE
212	si_0212	1	Cell Wall and Capsule	Unclassified cell wall and capsule	tRNA-dependent_amino_acid_transfers
213	si_0213	2.2	Clustering-based subsystems	Biosynthesis of galactoglycans and related lipopolysacharides	CBSS-258594.1.peg.3339
214	si_0214	0	Clustering-based subsystems	Biosynthesis of galactoglycans and related lipopolysacharides	CBSS-376686.6.peg.291
215	si_0215	4.6	Clustering-based subsystems	CRISPRs and associated hypotheticals	CBSS-216592.1.peg.3534
216	si_0216	1	Clustering-based subsystems	Carbohydrates	Beta-lactamase_cluster_in_Streptococcus
217	si_0217	3.7	Clustering-based subsystems	Carbohydrates	Cluster_Ytf_and_putative_sugar_transporter
218	si_0218	0	Clustering-based subsystems	Carbohydrates	Predicted_mycobacterial_monooxygenase
219	si_0219	3.4	Clustering-based subsystems	Carbohydrates	Putative_sugar_ABC_transporter_(ytf_cluster)
220	si_0220	0.8	Clustering-based subsystems	Carotenoid biosynthesis	CBSS-320388.3.peg.3759
221	si_0221	0.6	Clustering-based subsystems	Catabolism of an unknown compound	CBSS-262316.1.peg.2929
222	si_0222	1.3	Clustering-based subsystems	Cell Division	CBSS-393130.3.peg.794
223	si_0223	1.4	Clustering-based subsystems	Cell Division	Cell_Division_Cluster
224	si_0224	1.3	Clustering-based subsystems	Chemotaxis, response regulators	CBSS-323850.3.peg.3142
225	si_0225	1.7	Clustering-based subsystems	Choline bitartrate degradation, putative	CBSS-344610.3.peg.2335
226	si_0226	3.5	Clustering-based subsystems	Chromosome Replication	SeqA_and_Co-occurring_Genes
227	si_0227	0.7	Clustering-based subsystems	Clustering-based subsystems	CBSS-262719.3.peg.410
228	si_0228	0	Clustering-based subsystems	Clustering-based subsystems	CBSS-280355.3.peg.2835
229	si_0229	1.7	Clustering-based subsystems	Clustering-based subsystems	CBSS-292415.3.peg.2341
230	si_0230	9.1	Clustering-based subsystems	Clustering-based subsystems	Putative_diaminopropionate_ammonia-lyase_cluster
231	si_0231	0.2	Clustering-based subsystems	Clustering-based subsystems	Sporulation-related_Hypotheticals
232	si_0232	3.8	Clustering-based subsystems	Cytochrome biogenesis	CBSS-196164.1.peg.1690
233	si_0233	1	Clustering-based subsystems	Cytochrome biogenesis	CBSS-196164.1.peg.461
234	si_0234	0.7	Clustering-based subsystems	D-tyrosyl-tRNA(Tyr) deacylase (EC 3.1.-.-) cluster	CBSS-342610.3.peg.283
235	si_0235	0	Clustering-based subsystems	DNA metabolism	CBSS-269801.1.peg.2186
236	si_0236	2.9	Clustering-based subsystems	DNA polymerase III epsilon cluster	CBSS-342610.3.peg.1536
237	si_0237	2.9	Clustering-based subsystems	Fatty acid metabolic cluster	CBSS-246196.1.peg.364
238	si_0238	0.3	Clustering-based subsystems	Flagella protein?	CBSS-323098.3.peg.2823
239	si_0239	0.5	Clustering-based subsystems	Hypothetical Related to Dihydroorate Dehydrogenase	Hypothetical_Related_to_Dihydroorotate_dehydrogenase
240	si_0240	1.3	Clustering-based subsystems	Hypothetical associated with RecF	Hypothetical_Coupled_to_RecF
241	si_0241	2.1	Clustering-based subsystems	Hypothetical in Lysine biosynthetic cluster	CBSS-323850.3.peg.3269
242	si_0242	2.9	Clustering-based subsystems	Hypothetical lipase related to Phosphatidate metabolism	CBSS-316407.3.peg.1371
243	si_0243	1.5	Clustering-based subsystems	Hypothetical protein possible functionally linked with Alanyl-tRNA synthetase	CBSS-257314.1.peg.488
244	si_0244	3.2	Clustering-based subsystems	Isoprenoid/cell wall biosynthesis: PREDICTED UNDECAPRENYL DIPHOSPHATE PHOSPHATASE	CBSS-83331.1.peg.3039
245	si_0245	0.7	Clustering-based subsystems	Lysine Biosynthesis	A_Glutathione-dependent_Thiol_Reductase_Associated_with_a_Step_in_Lysine_Biosynthesis
246	si_0246	4.6	Clustering-based subsystems	Lysine, threonine, methionine, and cysteine	CBSS-84588.1.peg.1247
247	si_0247	3.7	Clustering-based subsystems	Lysine, threonine, methionine, and cysteine	YeiH
248	si_0248	0	Clustering-based subsystems	Membrane-bound hydrogenase	CBSS-69014.3.peg.2094
249	si_0249	0.5	Clustering-based subsystems	Methylamine utilization	CBSS-265072.7.peg.546
250	si_0250	0.1	Clustering-based subsystems	Molybdopterin oxidoreductase	CBSS-269799.3.peg.2220
251	si_0251	0.2	Clustering-based subsystems	Monosaccharides	Unspecified_monosaccharide_transport_cluster
252	si_0252	0.9	Clustering-based subsystems	Nucleotidyl-phosphate metabolic cluster	CBSS-222523.1.peg.1311
253	si_0253	1.9	Clustering-based subsystems	Pigment biosynthesis	CBSS-176299.3.peg.235
254	si_0254	2.6	Clustering-based subsystems	Probably GTP or GMP signaling related	CBSS-176299.4.peg.1292
255	si_0255	0.1	Clustering-based subsystems	Probably Pyrimidine biosynthesis-related	CBSS-306254.1.peg.1508
256	si_0256	1.4	Clustering-based subsystems	Probably Ybbk-related hypothetical membrane proteins	CBSS-316057.3.peg.659
257	si_0257	1	Clustering-based subsystems	Probably organic hydroperoxide resistance related hypothetical protein	CBSS-269482.1.peg.1294
258	si_0258	0	Clustering-based subsystems	Proteasome related clusters	Proteasome_subunit_alpha_archaeal_cluster
259	si_0259	4.4	Clustering-based subsystems	Protein export?	CBSS-393121.3.peg.2760
260	si_0260	0.6	Clustering-based subsystems	Putative GGDEF domain protein related to agglutinin secretion	CBSS-323850.3.peg.3284
261	si_0261	0.7	Clustering-based subsystems	Putative Isoquinoline 1-oxidoreductase subunit	CBSS-314267.3.peg.390
262	si_0262	3.5	Clustering-based subsystems	Putative asociate of RNA polymerase sigma-54 factor rpoN	CBSS-316057.3.peg.1308
263	si_0263	5	Clustering-based subsystems	Putrescine/GABA utilization cluster-temporal,to add to SSs	GABA_and_putrescine_metabolism_from_cluters
264	si_0264	0.3	Clustering-based subsystems	Pyruvate kinase associated cluster	CBSS-288000.5.peg.1793
265	si_0265	0	Clustering-based subsystems	Recombination related cluster	CBSS-198094.1.peg.4426
266	si_0266	0	Clustering-based subsystems	Related to Menaquinone-cytochrome C reductase 	CBSS-393130.3.peg.129
267	si_0267	1.6	Clustering-based subsystems	Ribosomal Protein L28P relates to a set of uncharacterized proteins	A_Gram-positive_cluster_that_relates_ribosomal_protein_L28P_to_a_set_of_uncharacterized_proteins
268	si_0268	5.6	Clustering-based subsystems	Ribosome-related cluster	A_Gammaproteobacteria_Cluster_Relating_to_Translation
269	si_0269	0	Clustering-based subsystems	Sarcosine oxidase	CBSS-188.1.peg.6170
270	si_0270	18.5	Clustering-based subsystems	Shiga toxin cluster	CBSS-194948.1.peg.143
271	si_0271	0.5	Clustering-based subsystems	Sulfatases and sulfatase modifying factor 1 (and a hypothetical)	Sulfatases_and_sulfatase_modifying_factor_1
272	si_0272	1.5	Clustering-based subsystems	Three hypotheticals linked to lipoprotein biosynthesis	CBSS-188.1.peg.9880
273	si_0273	3.1	Clustering-based subsystems	TldD cluster	CBSS-354.1.peg.2917
274	si_0274	0.6	Clustering-based subsystems	Translation	CBSS-243265.1.peg.198
275	si_0275	5.1	Clustering-based subsystems	Translation	CBSS-326442.4.peg.1852
276	si_0276	2	Clustering-based subsystems	Tricarboxylate transporter	CBSS-49338.1.peg.459
277	si_0277	1.1	Clustering-based subsystems	Two related proteases	CBSS-257314.1.peg.676
278	si_0278	0.5	Clustering-based subsystems	Type III secretion system, extended	Type_III_secretion_systems,_extended
279	si_0279	17.6	Clustering-based subsystems	Unclassified clustering-based subsystems	Bacterial_Cell_Division
280	si_0280	4.1	Clustering-based subsystems	Unclassified clustering-based subsystems	Bacterial_RNA-metabolizing_Zn-dependent_hydrolases
281	si_0281	1	Clustering-based subsystems	Unclassified clustering-based subsystems	CBSS-138119.3.peg.2719
282	si_0282	0	Clustering-based subsystems	Unclassified clustering-based subsystems	CBSS-159087.4.peg.2189
283	si_0283	5.2	Clustering-based subsystems	Unclassified clustering-based subsystems	CBSS-160492.1.peg.550
284	si_0284	0.5	Clustering-based subsystems	Unclassified clustering-based subsystems	CBSS-176279.3.peg.1262
285	si_0285	1.2	Clustering-based subsystems	Unclassified clustering-based subsystems	CBSS-176279.3.peg.868
286	si_0286	0.9	Clustering-based subsystems	Unclassified clustering-based subsystems	CBSS-176280.1.peg.1561
287	si_0287	0.4	Clustering-based subsystems	Unclassified clustering-based subsystems	CBSS-196620.1.peg.2477
288	si_0288	5	Clustering-based subsystems	Unclassified clustering-based subsystems	CBSS-214092.1.peg.3450
289	si_0289	2	Clustering-based subsystems	Unclassified clustering-based subsystems	CBSS-224911.1.peg.435
290	si_0290	2.9	Clustering-based subsystems	Unclassified clustering-based subsystems	CBSS-228410.1.peg.134
291	si_0291	0.5	Clustering-based subsystems	Unclassified clustering-based subsystems	CBSS-235.1.peg.567
292	si_0292	2.2	Clustering-based subsystems	Unclassified clustering-based subsystems	CBSS-243277.1.peg.4359
293	si_0293	0.8	Clustering-based subsystems	Unclassified clustering-based subsystems	CBSS-251221.1.peg.1863
294	si_0294	1.2	Clustering-based subsystems	Unclassified clustering-based subsystems	CBSS-257314.1.peg.752
295	si_0295	0	Clustering-based subsystems	Unclassified clustering-based subsystems	CBSS-261594.1.peg.2640
296	si_0296	0.4	Clustering-based subsystems	Unclassified clustering-based subsystems	CBSS-266117.6.peg.2476
297	si_0297	2.4	Clustering-based subsystems	Unclassified clustering-based subsystems	CBSS-269801.1.peg.1715
298	si_0298	0.6	Clustering-based subsystems	Unclassified clustering-based subsystems	CBSS-269801.1.peg.1725
299	si_0299	2.7	Clustering-based subsystems	Unclassified clustering-based subsystems	CBSS-281090.3.peg.464
300	si_0300	0	Clustering-based subsystems	Unclassified clustering-based subsystems	CBSS-288681.3.peg.1039
301	si_0301	2	Clustering-based subsystems	Unclassified clustering-based subsystems	CBSS-290633.1.peg.1906
302	si_0302	2.5	Clustering-based subsystems	Unclassified clustering-based subsystems	CBSS-291331.3.peg.3674
303	si_0303	2.6	Clustering-based subsystems	Unclassified clustering-based subsystems	CBSS-296591.1.peg.2330
304	si_0304	3.7	Clustering-based subsystems	Unclassified clustering-based subsystems	CBSS-312309.3.peg.1965
305	si_0305	1.1	Clustering-based subsystems	Unclassified clustering-based subsystems	CBSS-314269.3.peg.1840
306	si_0306	2	Clustering-based subsystems	Unclassified clustering-based subsystems	CBSS-316057.3.peg.3521
307	si_0307	1.6	Clustering-based subsystems	Unclassified clustering-based subsystems	CBSS-316057.3.peg.563
308	si_0308	2.4	Clustering-based subsystems	Unclassified clustering-based subsystems	CBSS-316273.3.peg.227
309	si_0309	0	Clustering-based subsystems	Unclassified clustering-based subsystems	CBSS-316273.3.peg.2378
310	si_0310	0	Clustering-based subsystems	Unclassified clustering-based subsystems	CBSS-316273.3.peg.2709
311	si_0311	0	Clustering-based subsystems	Unclassified clustering-based subsystems	CBSS-316273.3.peg.448
312	si_0312	0	Clustering-based subsystems	Unclassified clustering-based subsystems	CBSS-316273.3.peg.922
313	si_0313	0	Clustering-based subsystems	Unclassified clustering-based subsystems	CBSS-316279.3.peg.746
314	si_0314	2	Clustering-based subsystems	Unclassified clustering-based subsystems	CBSS-316407.3.peg.2816
315	si_0315	2.6	Clustering-based subsystems	Unclassified clustering-based subsystems	CBSS-320372.3.peg.6046
316	si_0316	2.4	Clustering-based subsystems	Unclassified clustering-based subsystems	CBSS-323097.3.peg.2594
317	si_0317	2.2	Clustering-based subsystems	Unclassified clustering-based subsystems	CBSS-342610.3.peg.1794
318	si_0318	1	Clustering-based subsystems	Unclassified clustering-based subsystems	CBSS-345072.3.peg.1318
319	si_0319	3.4	Clustering-based subsystems	Unclassified clustering-based subsystems	CBSS-350688.3.peg.1509
320	si_0320	1	Clustering-based subsystems	Unclassified clustering-based subsystems	CBSS-370552.3.peg.1240
321	si_0321	0.9	Clustering-based subsystems	Unclassified clustering-based subsystems	CBSS-393121.3.peg.1913
322	si_0322	1.3	Clustering-based subsystems	Unclassified clustering-based subsystems	CBSS-393124.3.peg.2657
323	si_0323	0.1	Clustering-based subsystems	Unclassified clustering-based subsystems	CBSS-393131.3.peg.612
324	si_0324	0	Clustering-based subsystems	Unclassified clustering-based subsystems	CBSS-393133.3.peg.2787
325	si_0325	5.8	Clustering-based subsystems	Unclassified clustering-based subsystems	CBSS-562.2.peg.5158_SK3_including
326	si_0326	3	Clustering-based subsystems	Unclassified clustering-based subsystems	CBSS-56780.10.peg.1536
327	si_0327	2.5	Clustering-based subsystems	Unclassified clustering-based subsystems	CBSS-630.2.peg.3360
328	si_0328	0	Clustering-based subsystems	Unclassified clustering-based subsystems	CBSS-83332.1.peg.3803
329	si_0329	7.4	Clustering-based subsystems	Unclassified clustering-based subsystems	CBSS-83333.1.peg.946
330	si_0330	2.4	Clustering-based subsystems	Unclassified clustering-based subsystems	CBSS-87626.3.peg.3639
331	si_0331	3.4	Clustering-based subsystems	Unclassified clustering-based subsystems	Cell_division-ribosomal_stress_proteins_cluster
332	si_0332	4	Clustering-based subsystems	Unclassified clustering-based subsystems	Conserved_cluster_around_acetyltransferase_YpeA_in_Enterobacteria
333	si_0333	13.2	Clustering-based subsystems	Unclassified clustering-based subsystems	Conserved_cluster_in_Enterobacteriaceae_downstream_from_YqjA,_a_DedA_family_protein
334	si_0334	9.8	Clustering-based subsystems	Unclassified clustering-based subsystems	Conserved_gene_cluster_associated_with_Met-tRNA_formyltransferase
335	si_0335	4.8	Clustering-based subsystems	Unclassified clustering-based subsystems	EC49-61
336	si_0336	5.4	Clustering-based subsystems	Unclassified clustering-based subsystems	EC699-706
337	si_0337	0.5	Clustering-based subsystems	Unclassified clustering-based subsystems	KH_domain_RNA_binding_protein_YlqC
338	si_0338	0.6	Clustering-based subsystems	Unclassified clustering-based subsystems	LMPTP_YfkJ_cluster
339	si_0339	1.8	Clustering-based subsystems	Unclassified clustering-based subsystems	LMPTP_YwlE_cluster
340	si_0340	1.5	Clustering-based subsystems	Unclassified clustering-based subsystems	NusA-TFII_Cluster
341	si_0341	0	Clustering-based subsystems	Unclassified clustering-based subsystems	PA0057_cluster
342	si_0342	4.7	Clustering-based subsystems	Unclassified clustering-based subsystems	Putative_hemin_transporter
343	si_0343	0.9	Clustering-based subsystems	Unclassified clustering-based subsystems	Putative_sulfate_assimilation_cluster
344	si_0344	0.8	Clustering-based subsystems	Unclassified clustering-based subsystems	Spore_Coat
345	si_0345	0.6	Clustering-based subsystems	Unclassified clustering-based subsystems	Staphylococcus_aureus_hypothetical_repetitive_gene_loci
346	si_0346	0	Clustering-based subsystems	Unclassified clustering-based subsystems	USS-DB-1
347	si_0347	1.8	Clustering-based subsystems	Unclassified clustering-based subsystems	USS-DB-2
348	si_0348	0.8	Clustering-based subsystems	Unclassified clustering-based subsystems	USS-DB-4
349	si_0349	0	Clustering-based subsystems	Unclassified clustering-based subsystems	USS-DB-6
350	si_0350	0.8	Clustering-based subsystems	Unclassified clustering-based subsystems	USS-DB-7
351	si_0351	10	Clustering-based subsystems	Unclassified clustering-based subsystems	Yfa_cluster
352	si_0352	1.5	Clustering-based subsystems	Urate degradation	CBSS-205922.3.peg.1809
353	si_0353	0	Clustering-based subsystems	alpha-proteobacterial cluster of hypotheticals	CBSS-52598.3.peg.2843
354	si_0354	2.2	Clustering-based subsystems	proteosome related	Cluster-based_Subsystem_Grouping_Hypotheticals_-_perhaps_Proteosome_Related
355	si_0355	0.9	Clustering-based subsystems	recX and regulatory cluster	CBSS-261594.1.peg.788
356	si_0356	1	Clustering-based subsystems	tRNA sulfuration	CBSS-89187.3.peg.2957
357	si_0357	11.9	Cofactors, Vitamins, Prosthetic Groups, Pigments	Biotin	Biotin_biosynthesis
358	si_0358	10.2	Cofactors, Vitamins, Prosthetic Groups, Pigments	Coenzyme A	Coenzyme_A_Biosynthesis
359	si_0359	0.1	Cofactors, Vitamins, Prosthetic Groups, Pigments	Coenzyme B	Coenzyme_B_synthesis
360	si_0360	0	Cofactors, Vitamins, Prosthetic Groups, Pigments	Coenzyme F420	Coenzyme_F420_synthesis
361	si_0361	0	Cofactors, Vitamins, Prosthetic Groups, Pigments	Coenzyme M	coenzyme_M_biosynthesis
362	si_0362	8.5	Cofactors, Vitamins, Prosthetic Groups, Pigments	Folate and pterines	5-FCL-like_protein
363	si_0363	12.6	Cofactors, Vitamins, Prosthetic Groups, Pigments	Folate and pterines	Folate_Biosynthesis
364	si_0364	0	Cofactors, Vitamins, Prosthetic Groups, Pigments	Folate and pterines	Methanopterin_biosynthesis2
365	si_0365	14.1	Cofactors, Vitamins, Prosthetic Groups, Pigments	Folate and pterines	Molybdenum_cofactor_biosynthesis
366	si_0366	1	Cofactors, Vitamins, Prosthetic Groups, Pigments	Folate and pterines	Pterin_biosynthesis
367	si_0367	0.5	Cofactors, Vitamins, Prosthetic Groups, Pigments	Folate and pterines	Pterin_carbinolamine_dehydratase
368	si_0368	0.1	Cofactors, Vitamins, Prosthetic Groups, Pigments	Folate and pterines	Pterin_metabolism
369	si_0369	3	Cofactors, Vitamins, Prosthetic Groups, Pigments	Folate and pterines	Pterin_metabolism_3
370	si_0370	0	Cofactors, Vitamins, Prosthetic Groups, Pigments	Folate and pterines	methanopterin_biosynthesis
371	si_0371	4.3	Cofactors, Vitamins, Prosthetic Groups, Pigments	Folate and pterines	p-Aminobenzoyl-Glutamate_Utilization
372	si_0372	8.8	Cofactors, Vitamins, Prosthetic Groups, Pigments	Lipoic acid	Lipoic_acid_metabolism
373	si_0373	10.5	Cofactors, Vitamins, Prosthetic Groups, Pigments	NAD and NADP	NAD_and_NADP_cofactor_biosynthesis_global
374	si_0374	1.1	Cofactors, Vitamins, Prosthetic Groups, Pigments	NAD and NADP	NAD_consumption
375	si_0375	4.2	Cofactors, Vitamins, Prosthetic Groups, Pigments	NAD and NADP	NAD_regulation
376	si_0376	0	Cofactors, Vitamins, Prosthetic Groups, Pigments	Pyridoxine	Pyridoxin(Vitamin_B6)_Degradation_Pathway
377	si_0377	7.7	Cofactors, Vitamins, Prosthetic Groups, Pigments	Pyridoxine	Pyridoxin_(Vitamin_B6)_Biosynthesis
378	si_0378	0.3	Cofactors, Vitamins, Prosthetic Groups, Pigments	Quinone cofactors	Coenzyme_PQQ_synthesis
379	si_0379	1	Cofactors, Vitamins, Prosthetic Groups, Pigments	Quinone cofactors	Menaquinone_Biosynthesis_via_Futalosine_--_gjo
380	si_0380	4.4	Cofactors, Vitamins, Prosthetic Groups, Pigments	Quinone cofactors	Menaquinone_and_Phylloquinone_Biosynthesis
381	si_0381	0	Cofactors, Vitamins, Prosthetic Groups, Pigments	Quinone cofactors	Plastoquinone_Biosynthesis
382	si_0382	1.3	Cofactors, Vitamins, Prosthetic Groups, Pigments	Quinone cofactors	Pyrroloquinoline_Quinone_biosynthesis
383	si_0383	0	Cofactors, Vitamins, Prosthetic Groups, Pigments	Quinone cofactors	Tocopherol_Biosynthesis
384	si_0384	7	Cofactors, Vitamins, Prosthetic Groups, Pigments	Quinone cofactors	Ubiquinone_Biosynthesis
385	si_0385	5	Cofactors, Vitamins, Prosthetic Groups, Pigments	Riboflavin, FMN, FAD	Flavodoxin
386	si_0386	4.5	Cofactors, Vitamins, Prosthetic Groups, Pigments	Riboflavin, FMN, FAD	Riboflavin,_FMN_and_FAD_metabolism
387	si_0387	2.6	Cofactors, Vitamins, Prosthetic Groups, Pigments	Riboflavin, FMN, FAD	riboflavin_to_FAD
388	si_0388	0.5	Cofactors, Vitamins, Prosthetic Groups, Pigments	Tetrapyrroles	Bilin_Biosynthesis
389	si_0389	0.3	Cofactors, Vitamins, Prosthetic Groups, Pigments	Tetrapyrroles	Chlorophyll_Biosynthesis
390	si_0390	0	Cofactors, Vitamins, Prosthetic Groups, Pigments	Tetrapyrroles	Chlorophyll_Degradation
391	si_0391	5.3	Cofactors, Vitamins, Prosthetic Groups, Pigments	Tetrapyrroles	Cobalamin_synthesis
392	si_0392	11.8	Cofactors, Vitamins, Prosthetic Groups, Pigments	Tetrapyrroles	Coenzyme_B12_biosynthesis
393	si_0393	12.7	Cofactors, Vitamins, Prosthetic Groups, Pigments	Tetrapyrroles	Heme_and_Siroheme_Biosynthesis
394	si_0394	0	Cofactors, Vitamins, Prosthetic Groups, Pigments	Tetrapyrroles	Heme_biosynthesis_orphans
395	si_0395	2.9	Cofactors, Vitamins, Prosthetic Groups, Pigments	Unclassified cofactors, vitamins, prosthetic groups, pigments	Molybdopterin_cytosine_dinucleotide
396	si_0396	8.3	Cofactors, Vitamins, Prosthetic Groups, Pigments	Unclassified cofactors, vitamins, prosthetic groups, pigments	Thiamin_biosynthesis
397	si_0397	2.8	DNA Metabolism	CRISPs	CRISPRs
398	si_0398	0	DNA Metabolism	CRISPs	CRISP_Cmr_Cluster
399	si_0399	0	DNA Metabolism	DNA recombination	DNA_recombination,_archaeal
400	si_0400	3.6	DNA Metabolism	DNA recombination	RuvABC_plus_a_hypothetical
401	si_0401	2.2	DNA Metabolism	DNA repair	2-phosphoglycolate_salvage
402	si_0402	0.6	DNA Metabolism	DNA repair	ATP-dependent_Nuclease
403	si_0403	7	DNA Metabolism	DNA repair	DNA_Repair_Base_Excision
404	si_0404	5.5	DNA Metabolism	DNA repair	DNA_repair,_UvrABC_system
405	si_0405	30.9	DNA Metabolism	DNA repair	DNA_repair,_bacterial
406	si_0406	1.4	DNA Metabolism	DNA repair	DNA_repair,_bacterial_DinG_and_relatives
407	si_0407	2.7	DNA Metabolism	DNA repair	DNA_repair,_bacterial_MutL-MutS_system
408	si_0408	4.8	DNA Metabolism	DNA repair	DNA_repair,_bacterial_RecBCD_pathway
409	si_0409	5.4	DNA Metabolism	DNA repair	DNA_repair,_bacterial_RecFOR_pathway
410	si_0410	3	DNA Metabolism	DNA repair	DNA_repair,_bacterial_UmuCD_system
411	si_0411	1	DNA Metabolism	DNA repair	DNA_repair,_bacterial_UvrD_and_related_helicases
412	si_0412	0.6	DNA Metabolism	DNA repair	DNA_repair,_bacterial_photolyase
413	si_0413	0	DNA Metabolism	DNA repair	Nonhomologous_End-Joining_in_Bacteria
414	si_0414	0.8	DNA Metabolism	DNA repair	Uracil-DNA_glycosylase
415	si_0415	31.7	DNA Metabolism	DNA replication	DNA-replication
416	si_0416	1.1	DNA Metabolism	DNA replication	DNA_Helicase_of_Unknown_Function
417	si_0417	0.5	DNA Metabolism	DNA replication	DNA_replication,_archaeal
418	si_0418	1.6	DNA Metabolism	DNA replication	DNA_topoisomerases,_Type_I,_ATP-independent
419	si_0419	1.9	DNA Metabolism	DNA replication	DNA_topoisomerases,_Type_II,_ATP-dependent
420	si_0420	0.9	DNA Metabolism	DNA replication	Plasmid_replication
421	si_0421	0.1	DNA Metabolism	DNA uptake, competence	Competence_in_Streptococci
422	si_0422	3.7	DNA Metabolism	DNA uptake, competence	DNA_processing_cluster
423	si_0423	1	DNA Metabolism	DNA uptake, competence	Gram_Positive_Competence
424	si_0424	0	DNA Metabolism	DNA uptake, competence	Natural_DNA_Transformation_in_Vibrio
425	si_0425	0.1	DNA Metabolism	Unclassified dna metabolism	DNA_phosphorothioation
426	si_0426	6.2	DNA Metabolism	Unclassified dna metabolism	DNA_structural_proteins,_bacterial
427	si_0427	4	DNA Metabolism	Unclassified dna metabolism	Nucleoid-associated_proteins_in_Bacteria
428	si_0428	1.4	DNA Metabolism	Unclassified dna metabolism	Restriction-Modification_System
429	si_0429	0.8	DNA Metabolism	Unclassified dna metabolism	Type_I_Restriction-Modification
430	si_0430	1.3	DNA Metabolism	Unclassified dna metabolism	YcfH
431	si_0431	0	Dormancy and Sporulation	Spore DNA protection	Dipicolinate_Synthesis
432	si_0432	0	Dormancy and Sporulation	Spore DNA protection	Small_acid-soluble_spore_proteins
433	si_0433	0	Dormancy and Sporulation	Unclassified dormancy and sporulation	Bacillus_Sporulation_Killing_Factor_A_Biosynthetic_Cluster
434	si_0434	0	Dormancy and Sporulation	Unclassified dormancy and sporulation	Bacillus_biofilm_matrix_protein_component_TasA_and_homologs
435	si_0435	0.2	Dormancy and Sporulation	Unclassified dormancy and sporulation	Exosporium
436	si_0436	5.5	Dormancy and Sporulation	Unclassified dormancy and sporulation	Persister_Cells
437	si_0437	0	Dormancy and Sporulation	Unclassified dormancy and sporulation	SpoVS_protein_family
438	si_0438	0	Dormancy and Sporulation	Unclassified dormancy and sporulation	Spore_Core_Dehydration
439	si_0439	0	Dormancy and Sporulation	Unclassified dormancy and sporulation	Spore_germination
440	si_0440	0.5	Dormancy and Sporulation	Unclassified dormancy and sporulation	Spore_pigment_biosynthetic_cluster_in_Actinomycetes
441	si_0441	0.2	Dormancy and Sporulation	Unclassified dormancy and sporulation	Sporulation-associated_proteins_with_broader_functions
442	si_0442	0	Dormancy and Sporulation	Unclassified dormancy and sporulation	Sporulation_Cluster_III_A
443	si_0443	0.6	Dormancy and Sporulation	Unclassified dormancy and sporulation	Sporulation_draft
444	si_0444	0.7	Dormancy and Sporulation	Unclassified dormancy and sporulation	Sporulation_gene_orphans
445	si_0445	1	Fatty Acids, Lipids, and Isoprenoids	Fatty acids	Acyl-CoA_thioesterase_II
446	si_0446	5.1	Fatty Acids, Lipids, and Isoprenoids	Fatty acids	Carnitine_Metabolism_in_Microorganisms
447	si_0447	0	Fatty Acids, Lipids, and Isoprenoids	Fatty acids	Fatty_Acid_Biosynthesis_FASI
448	si_0448	19.2	Fatty Acids, Lipids, and Isoprenoids	Fatty acids	Fatty_Acid_Biosynthesis_FASII
449	si_0449	5	Fatty Acids, Lipids, and Isoprenoids	Fatty acids	Fatty_acid_degradation_regulons
450	si_0450	3.3	Fatty Acids, Lipids, and Isoprenoids	Fatty acids	Phospholipid_and_Fatty_acid_biosynthesis_related_cluster
451	si_0451	0.3	Fatty Acids, Lipids, and Isoprenoids	Fatty acids	Polyunsaturated_Fatty_Acids_synthesis
452	si_0452	0.1	Fatty Acids, Lipids, and Isoprenoids	Isoprenoids	Acyclic_terpenes_utilization
453	si_0453	0.4	Fatty Acids, Lipids, and Isoprenoids	Isoprenoids	Archaeal_lipids
454	si_0454	1.9	Fatty Acids, Lipids, and Isoprenoids	Isoprenoids	Carotenoids
455	si_0455	7.3	Fatty Acids, Lipids, and Isoprenoids	Isoprenoids	Isoprenoid_Biosynthesis
456	si_0456	0	Fatty Acids, Lipids, and Isoprenoids	Isoprenoids	Myxoxanthophyll_biosynthesis_in_Cyanobacteria
457	si_0457	3.7	Fatty Acids, Lipids, and Isoprenoids	Isoprenoids	Polyprenyl_Diphosphate_Biosynthesis
458	si_0458	0.5	Fatty Acids, Lipids, and Isoprenoids	Isoprenoids	polyprenyl_synthesis
459	si_0459	22.2	Fatty Acids, Lipids, and Isoprenoids	Phospholipids	Glycerolipid_and_Glycerophospholipid_Metabolism_in_Bacteria
460	si_0460	0	Fatty Acids, Lipids, and Isoprenoids	Phospholipids	Sphingolipid_biosynthesis
461	si_0461	2.3	Fatty Acids, Lipids, and Isoprenoids	Triacylglycerols	Triacylglycerol_metabolism
462	si_0462	0	Fatty Acids, Lipids, and Isoprenoids	Unclassified fatty acids, lipids, and isoprenoids	Cholesterol_catabolic_operon_in_Mycobacteria
463	si_0463	4.4	Fatty Acids, Lipids, and Isoprenoids	Unclassified fatty acids, lipids, and isoprenoids	Polyhydroxybutyrate_metabolism
464	si_0464	0.2	Iron acquisition and metabolism	Siderophores	Alcaligin_Siderophore
465	si_0465	1.7	Iron acquisition and metabolism	Siderophores	Bacillibactin_Siderophore
466	si_0466	0	Iron acquisition and metabolism	Siderophores	Iron_siderophore_sensor_&_receptor_system
467	si_0467	0.2	Iron acquisition and metabolism	Siderophores	Petrobactin-mediated_iron_uptake_system
468	si_0468	0.4	Iron acquisition and metabolism	Siderophores	Salmochelin-mediated_Iron_Acquisition
469	si_0469	0	Iron acquisition and metabolism	Siderophores	Siderophore_Achromobactin
470	si_0470	1.9	Iron acquisition and metabolism	Siderophores	Siderophore_Aerobactin
471	si_0471	0	Iron acquisition and metabolism	Siderophores	Siderophore_Desferrioxamine_E
472	si_0472	15.7	Iron acquisition and metabolism	Siderophores	Siderophore_Enterobactin
473	si_0473	0.9	Iron acquisition and metabolism	Siderophores	Siderophore_Pyoverdine
474	si_0474	0.2	Iron acquisition and metabolism	Siderophores	Siderophore_Staphylobactin
475	si_0475	0.4	Iron acquisition and metabolism	Siderophores	Siderophore_Yersiniabactin_Biosynthesis
476	si_0476	0.4	Iron acquisition and metabolism	Siderophores	Siderophore_[Alcaligin-like]
477	si_0477	4.9	Iron acquisition and metabolism	Siderophores	Siderophore_assembly_kit
478	si_0478	0.4	Iron acquisition and metabolism	Siderophores	Siderophore_pyochelin
479	si_0479	0.2	Iron acquisition and metabolism	Siderophores	Vibrioferrin_synthesis
480	si_0480	2	Iron acquisition and metabolism	Unclassified iron acquisition and metabolism	Campylobacter_Iron_Metabolism
481	si_0481	3	Iron acquisition and metabolism	Unclassified iron acquisition and metabolism	Ferrous_iron_transporter_EfeUOB,_low-pH-induced
482	si_0482	3.1	Iron acquisition and metabolism	Unclassified iron acquisition and metabolism	Heme,_hemin_uptake_and_utilization_systems_in_GramPositives
483	si_0483	5.6	Iron acquisition and metabolism	Unclassified iron acquisition and metabolism	Hemin_transport_system
484	si_0484	0.3	Iron acquisition and metabolism	Unclassified iron acquisition and metabolism	Iron_Scavenging_cluster_in_Thermus
485	si_0485	1.6	Iron acquisition and metabolism	Unclassified iron acquisition and metabolism	Iron_acquisition_in_Streptococcus
486	si_0486	5	Iron acquisition and metabolism	Unclassified iron acquisition and metabolism	Iron_acquisition_in_Vibrio
487	si_0487	5.4	Iron acquisition and metabolism	Unclassified iron acquisition and metabolism	Transport_of_Iron
488	si_0488	2.3	Membrane Transport	ABC transporters	ABC_transporter_alkylphosphonate_(TC_3.A.1.9.1)
489	si_0489	6	Membrane Transport	ABC transporters	ABC_transporter_branched-chain_amino_acid_(TC_3.A.1.4.1)
490	si_0490	9.7	Membrane Transport	ABC transporters	ABC_transporter_dipeptide_(TC_3.A.1.5.2)
491	si_0491	0.1	Membrane Transport	ABC transporters	ABC_transporter_of_unknown_substrate_X
492	si_0492	13	Membrane Transport	ABC transporters	ABC_transporter_oligopeptide_(TC_3.A.1.5.1)
493	si_0493	3.1	Membrane Transport	ABC transporters	ABC_transporter_peptide_(TC_3.A.1.5.5)
494	si_0494	1.3	Membrane Transport	ABC transporters	ABC_transporter_tungstate_(TC_3.A.1.6.2)
495	si_0495	3.8	Membrane Transport	ABC transporters	ATP-dependent_efflux_pump_transporter_Ybh
496	si_0496	0.9	Membrane Transport	ABC transporters	Periplasmic-Binding-Protein-Dependent_Transport_System_for_&#945;-Glucosides
497	si_0497	0.1	Membrane Transport	Protein and nucleoprotein secretion system, Type IV	Dot-Icm_type_IV_secretion_system
498	si_0498	0.7	Membrane Transport	Protein and nucleoprotein secretion system, Type IV	Mannose-sensitive_hemagglutinin_type_4_pilus
499	si_0499	0.4	Membrane Transport	Protein and nucleoprotein secretion system, Type IV	Toxin_co-regulated_pilus
500	si_0500	0.2	Membrane Transport	Protein and nucleoprotein secretion system, Type IV	Type_4_conjugative_transfer_system,_IncI1_type
501	si_0501	5.6	Membrane Transport	Protein and nucleoprotein secretion system, Type IV	Type_IV_pilus
502	si_0502	1	Membrane Transport	Protein and nucleoprotein secretion system, Type IV	pVir_Plasmid_of_Campylobacter
503	si_0503	9.5	Membrane Transport	Protein secretion system, Type II	General_Secretion_Pathway
504	si_0504	0.4	Membrane Transport	Protein secretion system, Type II	Widespread_colonization_island
505	si_0505	0.3	Membrane Transport	Protein secretion system, Type III	Type_III_secretion_system
506	si_0506	0.5	Membrane Transport	Protein secretion system, Type III	Type_III_secretion_system_orphans
507	si_0507	5.3	Membrane Transport	Protein secretion system, Type VI	Type_VI_secretion_systems
508	si_0508	4.6	Membrane Transport	Protein secretion system, Type VII (Chaperone/Usher pathway, CU)	Colonization_factor_antigen_I_fimbriae
509	si_0509	6.3	Membrane Transport	Protein secretion system, Type VII (Chaperone/Usher pathway, CU)	The_fimbrial_Sfm_cluster
510	si_0510	8.2	Membrane Transport	Protein secretion system, Type VII (Chaperone/Usher pathway, CU)	The_fimbrial_Stf_cluster
511	si_0511	7.1	Membrane Transport	Protein secretion system, Type VII (Chaperone/Usher pathway, CU)	The_usher_protein_HtrE_fimbrial_cluster
512	si_0512	6.3	Membrane Transport	Protein secretion system, Type VIII (Extracellular nucleation/precipitation pathway, ENP)	Curli_production
513	si_0513	2	Membrane Transport	Protein translocation across cytoplasmic membrane	ESAT-6_proteins_secretion_system_in_Actinobacteria
514	si_0514	0.1	Membrane Transport	Protein translocation across cytoplasmic membrane	ESAT-6_proteins_secretion_system_in_Firmicutes
515	si_0515	2.3	Membrane Transport	Protein translocation across cytoplasmic membrane	HtrA_and_Sec_secretion
516	si_0516	0.2	Membrane Transport	Protein translocation across cytoplasmic membrane	SecY2-SecA2_Specialized_Transport_System
517	si_0517	3.7	Membrane Transport	Protein translocation across cytoplasmic membrane	Twin-arginine_translocation_system
518	si_0518	0.1	Membrane Transport	Sugar Phosphotransferase Systems, PTS	Fructose_and_Mannose_Inducible_PTS
519	si_0519	0.5	Membrane Transport	Sugar Phosphotransferase Systems, PTS	Galactose-inducible_PTS
520	si_0520	0.2	Membrane Transport	Sugar Phosphotransferase Systems, PTS	Sucrose-specific_PTS
521	si_0521	0.1	Membrane Transport	Unclassified membrane transport	Agrobacterium_opine_transport
522	si_0522	1	Membrane Transport	Unclassified membrane transport	Choline_Transport
523	si_0523	0	Membrane Transport	Unclassified membrane transport	Citrate_Utilization_System_(CitAB,_CitH,_and_tctABC)
524	si_0524	3	Membrane Transport	Unclassified membrane transport	ECF_class_transporters
525	si_0525	0.4	Membrane Transport	Unclassified membrane transport	Phosphoglycerate_transport_system
526	si_0526	17.6	Membrane Transport	Unclassified membrane transport	Ton_and_Tol_transport_systems
527	si_0527	1.5	Membrane Transport	Unclassified membrane transport	Transport_of_Manganese
528	si_0528	2.6	Membrane Transport	Unclassified membrane transport	Transport_of_Molybdenum
529	si_0529	4.9	Membrane Transport	Unclassified membrane transport	Transport_of_Nickel_and_Cobalt
530	si_0530	6.5	Membrane Transport	Unclassified membrane transport	Transport_of_Zinc
531	si_0531	1.3	Membrane Transport	Uni- Sym- and Antiporters	Na(+)_H(+)_antiporter
532	si_0532	2.8	Membrane Transport	Uni- Sym- and Antiporters	Proton-dependent_Peptide_Transporters
533	si_0533	0.6	Membrane Transport	Uni- Sym- and Antiporters	Sodium_Hydrogen_Antiporter
534	si_0534	0.8	Metabolism of Aromatic Compounds	Anaerobic degradation of aromatic compounds	Anaerobic_benzoate_metabolism
535	si_0535	0.3	Metabolism of Aromatic Compounds	Anaerobic degradation of aromatic compounds	Hydroxyaromatic_decarboxylase_family
536	si_0536	1.5	Metabolism of Aromatic Compounds	Metabolism of central aromatic intermediates	4-Hydroxyphenylacetic_acid_catabolic_pathway
537	si_0537	0.7	Metabolism of Aromatic Compounds	Metabolism of central aromatic intermediates	Catechol_branch_of_beta-ketoadipate_pathway
538	si_0538	0.6	Metabolism of Aromatic Compounds	Metabolism of central aromatic intermediates	Central_meta-cleavage_pathway_of_aromatic_compound_degradation
539	si_0539	0.3	Metabolism of Aromatic Compounds	Metabolism of central aromatic intermediates	Homogentisate_pathway_of_aromatic_compound_degradation
540	si_0540	0.7	Metabolism of Aromatic Compounds	Metabolism of central aromatic intermediates	N-heterocyclic_aromatic_compound_degradation
541	si_0541	2.1	Metabolism of Aromatic Compounds	Metabolism of central aromatic intermediates	Protocatechuate_branch_of_beta-ketoadipate_pathway
542	si_0542	1.5	Metabolism of Aromatic Compounds	Metabolism of central aromatic intermediates	Salicylate_and_gentisate_catabolism
543	si_0543	0.9	Metabolism of Aromatic Compounds	Peripheral pathways for catabolism of aromatic compounds	Benzoate_catabolism
544	si_0544	2.8	Metabolism of Aromatic Compounds	Peripheral pathways for catabolism of aromatic compounds	Benzoate_degradation
545	si_0545	0.7	Metabolism of Aromatic Compounds	Peripheral pathways for catabolism of aromatic compounds	Biphenyl_Degradation
546	si_0546	0.8	Metabolism of Aromatic Compounds	Peripheral pathways for catabolism of aromatic compounds	Chloroaromatic_degradation_pathway
547	si_0547	0.2	Metabolism of Aromatic Compounds	Peripheral pathways for catabolism of aromatic compounds	Chlorobenzoate_degradation
548	si_0548	0.2	Metabolism of Aromatic Compounds	Peripheral pathways for catabolism of aromatic compounds	Naphtalene_and_antracene_degradation
549	si_0549	0.7	Metabolism of Aromatic Compounds	Peripheral pathways for catabolism of aromatic compounds	Phenol_hydroxylase
550	si_0550	1	Metabolism of Aromatic Compounds	Peripheral pathways for catabolism of aromatic compounds	Phenylpropanoid_compound_degradation
551	si_0551	0.8	Metabolism of Aromatic Compounds	Peripheral pathways for catabolism of aromatic compounds	Quinate_degradation
552	si_0552	0.6	Metabolism of Aromatic Compounds	Peripheral pathways for catabolism of aromatic compounds	Salicylate_ester_degradation
553	si_0553	0.1	Metabolism of Aromatic Compounds	Peripheral pathways for catabolism of aromatic compounds	Toluene_degradation
554	si_0554	1.2	Metabolism of Aromatic Compounds	Peripheral pathways for catabolism of aromatic compounds	n-Phenylalkanoic_acid_degradation
555	si_0555	1.1	Metabolism of Aromatic Compounds	Peripheral pathways for catabolism of aromatic compounds	p-Hydroxybenzoate_degradation
556	si_0556	1.7	Metabolism of Aromatic Compounds	Unclassified metabolism of aromatic compounds	Aromatic_Amin_Catabolism
557	si_0557	1.9	Metabolism of Aromatic Compounds	Unclassified metabolism of aromatic compounds	Benzoate_transport_and_degradation_cluster
558	si_0558	0	Metabolism of Aromatic Compounds	Unclassified metabolism of aromatic compounds	Cresol_degradation
559	si_0559	1	Metabolism of Aromatic Compounds	Unclassified metabolism of aromatic compounds	Gentisare_degradation
560	si_0560	9.8	Metabolism of Aromatic Compounds	Unclassified metabolism of aromatic compounds	Phenylacetyl-CoA_catabolic_pathway_(core)
561	si_0561	0	Metabolism of Aromatic Compounds	Unclassified metabolism of aromatic compounds	Toluene_4-monooxygenase_(T4MO)
562	si_0562	0.3	Metabolism of Aromatic Compounds	Unclassified metabolism of aromatic compounds	carbazol_degradation_cluster
563	si_0563	0.1	Metabolism of Aromatic Compounds	Unclassified metabolism of aromatic compounds	p-cymene_degradation
564	si_0564	1	Miscellaneous	Plant-Prokaryote DOE project	At2g33980_At1g28960
565	si_0565	1.1	Miscellaneous	Plant-Prokaryote DOE project	At3g21300
566	si_0566	9.2	Miscellaneous	Plant-Prokaryote DOE project	COG2363
567	si_0567	2.3	Miscellaneous	Plant-Prokaryote DOE project	Conserved_gene_cluster_possibly_involved_in_RNA_metabolism
568	si_0568	12.1	Miscellaneous	Plant-Prokaryote DOE project	Iojap
569	si_0569	1.8	Miscellaneous	Plant-Prokaryote DOE project	Synechocystis_experimental
570	si_0570	0.2	Miscellaneous	Unclassified miscellaneous	Archease
571	si_0571	0.4	Miscellaneous	Unclassified miscellaneous	Archease2
572	si_0572	8.6	Miscellaneous	Unclassified miscellaneous	Broadly_distributed_proteins_not_in_subsystems
573	si_0573	0.5	Miscellaneous	Unclassified miscellaneous	Luciferases
574	si_0574	0	Miscellaneous	Unclassified miscellaneous	Magnetosome_Biomineralization_and_Function
575	si_0575	1.1	Miscellaneous	Unclassified miscellaneous	Muconate_lactonizing_enzyme_family
576	si_0576	1	Miscellaneous	Unclassified miscellaneous	YaaA
577	si_0577	1	Miscellaneous	Unclassified miscellaneous	YbbK
578	si_0578	18.2	Miscellaneous	Unclassified miscellaneous	ZZ_gjo_need_homes
579	si_0579	0	Motility and Chemotaxis	Flagellar motility in Prokaryota	Additional_flagellar_genes_in_Vibrionales
580	si_0580	0.3	Motility and Chemotaxis	Flagellar motility in Prokaryota	Archaeal_Flagellum
581	si_0581	15.2	Motility and Chemotaxis	Flagellar motility in Prokaryota	Flagellar_motility
582	si_0582	36.5	Motility and Chemotaxis	Flagellar motility in Prokaryota	Flagellum
583	si_0583	2.4	Motility and Chemotaxis	Flagellar motility in Prokaryota	Flagellum_in_Campylobacter
584	si_0584	0.2	Motility and Chemotaxis	Social motility and nonflagellar swimming in bacteria	Control_of_Swarming_in_Vibrio_and_Shewanella_species
585	si_0585	0	Motility and Chemotaxis	Social motility and nonflagellar swimming in bacteria	Rhamnolipids_in_Pseudomonas
586	si_0586	9.7	Motility and Chemotaxis	Unclassified motility and chemotaxis	Bacterial_Chemotaxis
587	si_0587	6.7	Nitrogen Metabolism	Unclassified nitrogen metabolism	Allantoin_Utilization
588	si_0588	0	Nitrogen Metabolism	Unclassified nitrogen metabolism	Amidase_clustered_with_urea_and_nitrile_hydratase_functions
589	si_0589	12.5	Nitrogen Metabolism	Unclassified nitrogen metabolism	Ammonia_assimilation
590	si_0590	2.9	Nitrogen Metabolism	Unclassified nitrogen metabolism	Cyanate_hydrolysis
591	si_0591	0.8	Nitrogen Metabolism	Unclassified nitrogen metabolism	Denitrification
592	si_0592	0.3	Nitrogen Metabolism	Unclassified nitrogen metabolism	Dissimilatory_nitrite_reductase
593	si_0593	28	Nitrogen Metabolism	Unclassified nitrogen metabolism	Nitrate_and_nitrite_ammonification
594	si_0594	0.5	Nitrogen Metabolism	Unclassified nitrogen metabolism	Nitric_oxide_synthase
595	si_0595	1.6	Nitrogen Metabolism	Unclassified nitrogen metabolism	Nitrogen_fixation
596	si_0596	5.6	Nitrogen Metabolism	Unclassified nitrogen metabolism	Nitrosative_stress
597	si_0597	6.5	Nucleosides and Nucleotides	Detoxification	Housecleaning_nucleoside_triphosphate_pyrophosphatases
598	si_0598	0.7	Nucleosides and Nucleotides	Detoxification	Nucleoside_triphosphate_pyrophosphohydrolase_MazG
599	si_0599	8.8	Nucleosides and Nucleotides	Detoxification	Nudix_proteins_(nucleoside_triphosphate_hydrolases)
600	si_0600	9.5	Nucleosides and Nucleotides	Purines	De_Novo_Purine_Biosynthesis
601	si_0601	12.6	Nucleosides and Nucleotides	Purines	Purine_Utilization
602	si_0602	21.4	Nucleosides and Nucleotides	Purines	Purine_conversions
603	si_0603	0.1	Nucleosides and Nucleotides	Purines	Purine_nucleotide_synthesis_regulator
604	si_0604	4.9	Nucleosides and Nucleotides	Purines	Xanthine_Metabolism_in_Bacteria
605	si_0605	2.1	Nucleosides and Nucleotides	Purines	Xanthosine_utilization_(xap_region)
606	si_0606	6.2	Nucleosides and Nucleotides	Pyrimidines	De_Novo_Pyrimidine_Synthesis
607	si_0607	0.3	Nucleosides and Nucleotides	Pyrimidines	Novel_non-oxidative_pathway_of_Uracil_catabolism
608	si_0608	9.2	Nucleosides and Nucleotides	Pyrimidines	Pyrimidine_utilization
609	si_0609	13.9	Nucleosides and Nucleotides	Pyrimidines	pyrimidine_conversions
610	si_0610	0	Nucleosides and Nucleotides	Unclassified nucleosides and nucleotides	AMP_to_3-phosphoglycerate
611	si_0611	0.7	Nucleosides and Nucleotides	Unclassified nucleosides and nucleotides	Adenosyl_nucleosidases
612	si_0612	1	Nucleosides and Nucleotides	Unclassified nucleosides and nucleotides	Hydantoin_metabolism
613	si_0613	2.2	Nucleosides and Nucleotides	Unclassified nucleosides and nucleotides	Pseudouridine_Metabolism
614	si_0614	7.7	Nucleosides and Nucleotides	Unclassified nucleosides and nucleotides	Ribonucleotide_reduction
615	si_0615	5.6	Phages, Prophages, Transposable elements	Bacteriophage integration/excision/lysogeny	Phage_integration_and_excision
616	si_0616	1	Phages, Prophages, Transposable elements	Bacteriophage structural proteins	Phage_capsid_proteins
617	si_0617	0	Phages, Prophages, Transposable elements	Superinfection Exclusion	Phage_Dual_Exonuclease_Exclusion
618	si_0618	0	Phages, Prophages, Transposable elements, Plasmids	Pathogenicity islands	Listeria_Pathogenicity_Island_LIPI-1_extended
619	si_0619	0.6	Phages, Prophages, Transposable elements, Plasmids	Pathogenicity islands	Staphylococcal_pathogenicity_islands_SaPI
620	si_0620	0.5	Phages, Prophages, Transposable elements, Plasmids	Pathogenicity islands	Vibrio_pathogenicity_island
621	si_0621	0	Phages, Prophages, Transposable elements, Plasmids	Phages, Prophages	Listeria_phi-A118-like_prophages
622	si_0622	0	Phages, Prophages, Transposable elements, Plasmids	Phages, Prophages	Phage_baseplate_proteins
623	si_0623	0	Phages, Prophages, Transposable elements, Plasmids	Phages, Prophages	Phage_neck_proteins
624	si_0624	1.5	Phages, Prophages, Transposable elements, Plasmids	Phages, Prophages	Phage_nin_genes_-_N-independent_survival
625	si_0625	2.5	Phages, Prophages, Transposable elements, Plasmids	Phages, Prophages	Phage_packaging_machinery
626	si_0626	8.5	Phages, Prophages, Transposable elements, Plasmids	Phages, Prophages	Phage_tail_fiber_proteins
627	si_0627	0.7	Phages, Prophages, Transposable elements, Plasmids	Phages, Prophages	Phage_tail_proteins_2
628	si_0628	0	Phages, Prophages, Transposable elements, Plasmids	Phages, Prophages	Prophage-encoded_Rst_operon
629	si_0629	0	Phages, Prophages, Transposable elements, Plasmids	Phages, Prophages	Prophage_lysogenic_conversion_modules
630	si_0630	0.8	Phages, Prophages, Transposable elements, Plasmids	Phages, Prophages	Staphylococcal_phi-Mu50B-like_prophages
631	si_0631	0	Phages, Prophages, Transposable elements, Plasmids	Plasmid related functions	Plasmid-encoded_T-DNA_transfer
632	si_0632	0	Phages, Prophages, Transposable elements, Plasmids	Plasmid related functions	Rolling-circle_replication
633	si_0633	0.4	Phages, Prophages, Transposable elements, Plasmids	Transposable elements	CBSS-203122.12.peg.188
634	si_0634	0	Phages, Prophages, Transposable elements, Plasmids	Transposable elements	Conjugative_transposon,_Bacteroidales
635	si_0635	0	Phages, Prophages, Transposable elements, Plasmids	Transposable elements	Tn552
636	si_0636	0.4	Phages, Prophages, Transposable elements, Plasmids	Unclassified phages, prophages, transposable elements, plasmids	Integrons
637	si_0637	10.7	Phosphorus Metabolism	Unclassified phosphorus metabolism	Alkylphosphonate_utilization
638	si_0638	6.9	Phosphorus Metabolism	Unclassified phosphorus metabolism	High_affinity_phosphate_transporter_and_control_of_PHO_regulon
639	si_0639	2.8	Phosphorus Metabolism	Unclassified phosphorus metabolism	P_uptake_(cyanobacteria)
640	si_0640	23.8	Phosphorus Metabolism	Unclassified phosphorus metabolism	Phosphate_metabolism
641	si_0641	0	Phosphorus Metabolism	Unclassified phosphorus metabolism	Phosphoenolpyruvate_phosphomutase
642	si_0642	0.2	Phosphorus Metabolism	Unclassified phosphorus metabolism	Phosphonate_metabolism
643	si_0643	0	Photosynthesis	Electron transport and photophosphorylation	Photosystem_I
644	si_0644	0	Photosynthesis	Electron transport and photophosphorylation	Photosystem_I-type_photosynthetic_reaction_center
645	si_0645	0	Photosynthesis	Electron transport and photophosphorylation	Photosystem_II
646	si_0646	0	Photosynthesis	Electron transport and photophosphorylation	Photosystem_II-type_photosynthetic_reaction_center
647	si_0647	0	Photosynthesis	Light-harvesting complexes	Bacterial_light-harvesting_proteins
648	si_0648	0	Photosynthesis	Light-harvesting complexes	Chlorosome
649	si_0649	0	Photosynthesis	Light-harvesting complexes	Phycobilisome
650	si_0650	0	Photosynthesis	Unclassified photosynthesis	Bacteriorhodopsin
651	si_0651	0.4	Photosynthesis	Unclassified photosynthesis	Proteorhodopsin
652	si_0652	3.9	Potassium metabolism	Unclassified potassium metabolism	Glutathione-regulated_potassium-efflux_system_and_associated_functions
653	si_0653	0	Potassium metabolism	Unclassified potassium metabolism	Hyperosmotic_potassium_uptake
654	si_0654	19.5	Potassium metabolism	Unclassified potassium metabolism	Potassium_homeostasis
655	si_0655	0	Potassium metabolism	Unclassified potassium metabolism	pH_adaptation_potassium_efflux_system
656	si_0656	0	Protein Metabolism	Protein biosynthesis	Nucleolar_protein_complex
657	si_0657	1.2	Protein Metabolism	Protein biosynthesis	Programmed_frameshift
658	si_0658	0	Protein Metabolism	Protein biosynthesis	Pyrrolysine
659	si_0659	0	Protein Metabolism	Protein biosynthesis	Ribosomal_protein_paralogs
660	si_0660	31.5	Protein Metabolism	Protein biosynthesis	Ribosome_LSU_bacterial
661	si_0661	0.5	Protein Metabolism	Protein biosynthesis	Ribosome_LSU_eukaryotic_and_archaeal
662	si_0662	21.3	Protein Metabolism	Protein biosynthesis	Ribosome_SSU_bacterial
663	si_0663	0.7	Protein Metabolism	Protein biosynthesis	Ribosome_SSU_eukaryotic_and_archaeal
664	si_0664	3.5	Protein Metabolism	Protein biosynthesis	Ribosome_activity_modulation
665	si_0665	8.8	Protein Metabolism	Protein biosynthesis	Ribosome_biogenesis_bacterial
666	si_0666	0.3	Protein Metabolism	Protein biosynthesis	Trans-translation_by_stalled_ribosomes
667	si_0667	0.5	Protein Metabolism	Protein biosynthesis	Translation_elongation_factor_G_family
668	si_0668	4.9	Protein Metabolism	Protein biosynthesis	Translation_elongation_factors_bacterial
669	si_0669	0.4	Protein Metabolism	Protein biosynthesis	Translation_elongation_factors_eukaryotic_and_archaeal
670	si_0670	3.5	Protein Metabolism	Protein biosynthesis	Translation_initiation_factors_bacterial
671	si_0671	0.7	Protein Metabolism	Protein biosynthesis	Translation_initiation_factors_eukaryotic_and_archaeal
672	si_0672	5.9	Protein Metabolism	Protein biosynthesis	Translation_termination_factors_bacterial
673	si_0673	5.6	Protein Metabolism	Protein biosynthesis	Universal_GTPases
674	si_0674	1.1	Protein Metabolism	Protein biosynthesis	tRNA_aminoacylation,_Ala
675	si_0675	1.6	Protein Metabolism	Protein biosynthesis	tRNA_aminoacylation,_Arg
676	si_0676	2.3	Protein Metabolism	Protein biosynthesis	tRNA_aminoacylation,_Asp_and_Asn
677	si_0677	1.7	Protein Metabolism	Protein biosynthesis	tRNA_aminoacylation,_Cys
678	si_0678	2.1	Protein Metabolism	Protein biosynthesis	tRNA_aminoacylation,_Glu_and_Gln
679	si_0679	1	Protein Metabolism	Protein biosynthesis	tRNA_aminoacylation,_Gly
680	si_0680	0.3	Protein Metabolism	Protein biosynthesis	tRNA_aminoacylation,_His
681	si_0681	1.1	Protein Metabolism	Protein biosynthesis	tRNA_aminoacylation,_Ile
682	si_0682	0.7	Protein Metabolism	Protein biosynthesis	tRNA_aminoacylation,_Leu
683	si_0683	3	Protein Metabolism	Protein biosynthesis	tRNA_aminoacylation,_Lys
684	si_0684	2.3	Protein Metabolism	Protein biosynthesis	tRNA_aminoacylation,_Met
685	si_0685	1.9	Protein Metabolism	Protein biosynthesis	tRNA_aminoacylation,_Phe
686	si_0686	2.2	Protein Metabolism	Protein biosynthesis	tRNA_aminoacylation,_Pro
687	si_0687	0	Protein Metabolism	Protein biosynthesis	tRNA_aminoacylation,_Pyr
688	si_0688	0.3	Protein Metabolism	Protein biosynthesis	tRNA_aminoacylation,_Ser
689	si_0689	1.6	Protein Metabolism	Protein biosynthesis	tRNA_aminoacylation,_Thr
690	si_0690	1	Protein Metabolism	Protein biosynthesis	tRNA_aminoacylation,_Trp
691	si_0691	1	Protein Metabolism	Protein biosynthesis	tRNA_aminoacylation,_Tyr
692	si_0692	0.8	Protein Metabolism	Protein biosynthesis	tRNA_aminoacylation,_Val
693	si_0693	3.4	Protein Metabolism	Protein degradation	Aminopeptidases_(EC_3.4.11.-)
694	si_0694	1.8	Protein Metabolism	Protein degradation	Dipeptidases_(EC_3.4.13.-)
695	si_0695	1.8	Protein Metabolism	Protein degradation	Metallocarboxypeptidases_(EC_3.4.17.-)
696	si_0696	0	Protein Metabolism	Protein degradation	Metalloendopeptidases_(EC_3.4.24.-)
697	si_0697	0.3	Protein Metabolism	Protein degradation	Omega_peptidases_(EC_3.4.19.-)
698	si_0698	0.3	Protein Metabolism	Protein degradation	Proteasome_archaeal
699	si_0699	3.4	Protein Metabolism	Protein degradation	Proteasome_bacterial
700	si_0700	7.1	Protein Metabolism	Protein degradation	Protein_degradation
701	si_0701	8.5	Protein Metabolism	Protein degradation	Proteolysis_in_bacteria,_ATP-dependent
702	si_0702	2.2	Protein Metabolism	Protein degradation	Putative_TldE-TldD_proteolytic_complex
703	si_0703	0	Protein Metabolism	Protein degradation	Serine_endopeptidase_(EC_3.4.21.-)
704	si_0704	1	Protein Metabolism	Protein folding	GroEL_GroES
705	si_0705	5.1	Protein Metabolism	Protein folding	Peptidyl-prolyl_cis-trans_isomerase
706	si_0706	5.2	Protein Metabolism	Protein folding	Periplasmic_disulfide_interchange
707	si_0707	6.6	Protein Metabolism	Protein folding	Protein_chaperones
708	si_0708	0	Protein Metabolism	Protein folding	Thermosome,_archaeal
709	si_0709	2.6	Protein Metabolism	Protein processing and modification	Inteins
710	si_0710	3.3	Protein Metabolism	Protein processing and modification	Lipoprotein_Biosynthesis
711	si_0711	1.9	Protein Metabolism	Protein processing and modification	N-linked_Glycosylation_in_Bacteria
712	si_0712	0.8	Protein Metabolism	Protein processing and modification	Peptide_methionine_sulfoxide_reductase
713	si_0713	1	Protein Metabolism	Protein processing and modification	Protein_Acetylation_and_Deacetylation_in_Bacteria
714	si_0714	1.2	Protein Metabolism	Protein processing and modification	Ribosomal_protein_S12p_Asp_methylthiotransferase
715	si_0715	1.3	Protein Metabolism	Protein processing and modification	Ribosomal_protein_S5p_acylation
716	si_0716	1.9	Protein Metabolism	Protein processing and modification	Signal_peptidase
717	si_0717	0	Protein Metabolism	Protein processing and modification	Ubiquitin-like_archaeal_modifier_proteins_(SAMPs)
718	si_0718	0.5	Protein Metabolism	Secretion	Protein_secretion_by_ABC-type_exporters
719	si_0719	1.8	Protein Metabolism	Selenoproteins	Glycine_reductase,_sarcosine_reductase_and_betaine_reductase
720	si_0720	3.6	Protein Metabolism	Selenoproteins	Selenocysteine_metabolism
721	si_0721	1	Protein Metabolism	Selenoproteins	Selenoprotein_O
722	si_0722	2.7	RNA Metabolism	RNA processing and modification	ATP-dependent_RNA_helicases,_bacterial
723	si_0723	0.4	RNA Metabolism	RNA processing and modification	Methylthiotransferases
724	si_0724	1.5	RNA Metabolism	RNA processing and modification	Polyadenylation_bacterial
725	si_0725	15.6	RNA Metabolism	RNA processing and modification	Queuosine-Archaeosine_Biosynthesis
726	si_0726	1.7	RNA Metabolism	RNA processing and modification	RNA_3'-terminal_phosphate_cyclase
727	si_0727	9.8	RNA Metabolism	RNA processing and modification	RNA_processing_and_degradation,_bacterial
728	si_0728	1	RNA Metabolism	RNA processing and modification	RNA_processing_orphans
729	si_0729	2.3	RNA Metabolism	RNA processing and modification	RNA_pseudouridine_syntheses
730	si_0730	0.8	RNA Metabolism	RNA processing and modification	Ribonuclease_H
731	si_0731	0	RNA Metabolism	RNA processing and modification	Ribonuclease_P_archaeal_and_eukaryal
732	si_0732	0	RNA Metabolism	RNA processing and modification	Ribosome_biogenesis_archaeal
733	si_0733	0.2	RNA Metabolism	RNA processing and modification	Wyeosine-MimG_Biosynthesis
734	si_0734	1.7	RNA Metabolism	RNA processing and modification	YrdC-YciO
735	si_0735	0	RNA Metabolism	RNA processing and modification	eukaryotic_rRNA_modification_and_related_functions
736	si_0736	1.8	RNA Metabolism	RNA processing and modification	rRNA_modification_Archaea
737	si_0737	10.6	RNA Metabolism	RNA processing and modification	rRNA_modification_Bacteria
738	si_0738	15.4	RNA Metabolism	RNA processing and modification	tRNA_modification_Archaea
739	si_0739	30.6	RNA Metabolism	RNA processing and modification	tRNA_modification_Bacteria
740	si_0740	1.8	RNA Metabolism	RNA processing and modification	tRNA_nucleotidyltransferase
741	si_0741	7.3	RNA Metabolism	RNA processing and modification	tRNA_processing
742	si_0742	0	RNA Metabolism	RNA processing and modification	tRNA_splicing
743	si_0743	0	RNA Metabolism	Transcription	RNA_polymerase_III
744	si_0744	0.3	RNA Metabolism	Transcription	RNA_polymerase_archaeal
745	si_0745	0	RNA Metabolism	Transcription	RNA_polymerase_archaeal_initiation_factors
746	si_0746	3	RNA Metabolism	Transcription	RNA_polymerase_bacterial
747	si_0747	1.3	RNA Metabolism	Transcription	Rrf2_family_transcriptional_regulators
748	si_0748	0	RNA Metabolism	Transcription	Transcription_elongation_factors,_archaeal
749	si_0749	10	RNA Metabolism	Transcription	Transcription_factors_bacterial
750	si_0750	0.3	RNA Metabolism	Transcription	Transcription_factors_cyanobacterial_RpoD-like_sigma_factors
751	si_0751	6.6	RNA Metabolism	Transcription	Transcription_initiation,_bacterial_sigma_factors
752	si_0752	0	RNA Metabolism	Unclassified rna metabolism	Group_II_intron-associated_genes
753	si_0753	3	Regulation and Cell signaling	Programmed Cell Death and Toxin-antitoxin Systems	A_toxin-antitoxin_module_cotranscribed_with_DinB
754	si_0754	0	Regulation and Cell signaling	Programmed Cell Death and Toxin-antitoxin Systems	Bacterial_Caspases
755	si_0755	0	Regulation and Cell signaling	Programmed Cell Death and Toxin-antitoxin Systems	Fratricide_in_Streptococcus
756	si_0756	4	Regulation and Cell signaling	Programmed Cell Death and Toxin-antitoxin Systems	MazEF_toxin-antitoxing_(programmed_cell_death)_system
757	si_0757	8.2	Regulation and Cell signaling	Programmed Cell Death and Toxin-antitoxin Systems	Murein_hydrolase_regulation_and_cell_death
758	si_0758	0	Regulation and Cell signaling	Programmed Cell Death and Toxin-antitoxin Systems	Phd-Doc,_YdcE-YdcD_toxin-antitoxin_(programmed_cell_death)_systems
759	si_0759	2	Regulation and Cell signaling	Programmed Cell Death and Toxin-antitoxin Systems	Toxin-antitoxin_replicon_stabilization_systems
760	si_0760	15.5	Regulation and Cell signaling	Programmed Cell Death and Toxin-antitoxin Systems	Toxin-antitoxin_systems_(other_than_RelBE_and_MazEF)
761	si_0761	5.9	Regulation and Cell signaling	Quorum sensing and biofilm formation	Autoinducer_2_(AI-2)_transport_and_processing_(lsrACDBFGE_operon)
762	si_0762	2	Regulation and Cell signaling	Quorum sensing and biofilm formation	Biofilm_Adhesin_Biosynthesis
763	si_0763	0.5	Regulation and Cell signaling	Quorum sensing and biofilm formation	Biofilm_formation_in_Staphylococcus
764	si_0764	0.6	Regulation and Cell signaling	Quorum sensing and biofilm formation	Quorum-sensing_in_Vibrio
765	si_0765	1	Regulation and Cell signaling	Quorum sensing and biofilm formation	Quorum_sensing_in_Yersinia
766	si_0766	0.3	Regulation and Cell signaling	Quorum sensing and biofilm formation	Quorum_sensing_regulation_in_Pseudomonas
767	si_0767	0.4	Regulation and Cell signaling	Quorum sensing and biofilm formation	Symbiotic_colonization_and_sigma-dependent_biofilm_formation_gene_cluster
768	si_0768	1.3	Regulation and Cell signaling	Regulation of virulence	A_conserved_operon_linked_to_TyrR_and_possibly_involved_in_virulence
769	si_0769	0	Regulation and Cell signaling	Regulation of virulence	SpeB-SpeF_extended_regulon
770	si_0770	0.2	Regulation and Cell signaling	Regulation of virulence	Streptococcal_Mga_Regulon
771	si_0771	0	Regulation and Cell signaling	Regulation of virulence	Streptococcus_pyogenes_virulence_regulators
772	si_0772	0.7	Regulation and Cell signaling	Regulation of virulence	Two-component_Response_Regulator_of_Virulence_ResDE
773	si_0773	0.3	Regulation and Cell signaling	Regulation of virulence	VieSAB_signal_transduction_system_of_Vibrio
774	si_0774	0.1	Regulation and Cell signaling	Unclassified regulation and cell signaling	Cell_envelope-associated_LytR-CpsA-Psr_transcriptional_attenuators
775	si_0775	0.5	Regulation and Cell signaling	Unclassified regulation and cell signaling	CytR_regulation
776	si_0776	13.5	Regulation and Cell signaling	Unclassified regulation and cell signaling	DNA-binding_regulatory_proteins,_strays
777	si_0777	0	Regulation and Cell signaling	Unclassified regulation and cell signaling	Global_Two-component_Regulator_PrrBA_in_Proteobacteria
778	si_0778	3.1	Regulation and Cell signaling	Unclassified regulation and cell signaling	HPr_catabolite_repression_system
779	si_0779	15.3	Regulation and Cell signaling	Unclassified regulation and cell signaling	Orphan_regulatory_proteins
780	si_0780	0.5	Regulation and Cell signaling	Unclassified regulation and cell signaling	Oxygen_and_light_sensor_PpaA-PpsR
781	si_0781	0.4	Regulation and Cell signaling	Unclassified regulation and cell signaling	Pseudomonas_quinolone_signal_PQS
782	si_0782	4.4	Regulation and Cell signaling	Unclassified regulation and cell signaling	Rcs_phosphorelay_signal_transduction_pathway
783	si_0783	1.8	Regulation and Cell signaling	Unclassified regulation and cell signaling	Sex_pheromones_in_Enterococcus_faecalis_and_other_Firmicutes
784	si_0784	1	Regulation and Cell signaling	Unclassified regulation and cell signaling	Stringent_Response,_(p)ppGpp_metabolism
785	si_0785	1.3	Regulation and Cell signaling	Unclassified regulation and cell signaling	The_Chv_regulatory_system_of_Alphaproteobacteria
786	si_0786	0	Regulation and Cell signaling	Unclassified regulation and cell signaling	Trans-envelope_signaling_system_VreARI_in_Pseudomonas
787	si_0787	0.7	Regulation and Cell signaling	Unclassified regulation and cell signaling	Two-component_regulatory_systems_in_Campylobacter
788	si_0788	0	Regulation and Cell signaling	Unclassified regulation and cell signaling	WhiB_and_WhiB-type_regulatory_proteins_
789	si_0789	8.4	Regulation and Cell signaling	Unclassified regulation and cell signaling	Zinc_regulated_enzymes
790	si_0790	14.2	Regulation and Cell signaling	Unclassified regulation and cell signaling	cAMP_signaling_in_bacteria
791	si_0791	9.4	Respiration	ATP synthases	F0F1-type_ATP_synthase
792	si_0792	0.2	Respiration	ATP synthases	V-Type_ATP_synthase
793	si_0793	21.1	Respiration	Electron accepting reactions	Anaerobic_respiratory_reductases
794	si_0794	0.3	Respiration	Electron accepting reactions	Terminal_AA3-600_quinol_oxidase
795	si_0795	1.2	Respiration	Electron accepting reactions	Terminal_cytochrome_C_oxidases
796	si_0796	1.5	Respiration	Electron accepting reactions	Terminal_cytochrome_O_ubiquinol_oxidase
797	si_0797	4.7	Respiration	Electron accepting reactions	Terminal_cytochrome_d_ubiquinol_oxidases
798	si_0798	6.2	Respiration	Electron accepting reactions	Terminal_cytochrome_oxidases
799	si_0799	2.3	Respiration	Electron accepting reactions	Tetrathionate_respiration
800	si_0800	0	Respiration	Electron accepting reactions	Ubiquinone_Menaquinone-cytochrome_c_reductase_complexes
801	si_0801	10.2	Respiration	Electron accepting reactions	trimethylamine_N-oxide_(TMAO)_reductase
802	si_0802	1.1	Respiration	Electron donating reactions	CO_Dehydrogenase
803	si_0803	0.8	Respiration	Electron donating reactions	Coenzyme_F420-H2_dehydrogenase_(methanophenazine)
804	si_0804	0.4	Respiration	Electron donating reactions	Coenzyme_F420_hydrogenase
805	si_0805	0.4	Respiration	Electron donating reactions	Energy-conserving_hydrogenase_(ferredoxin)
806	si_0806	2.4	Respiration	Electron donating reactions	Formate_dehydrogenase
807	si_0807	0.5	Respiration	Electron donating reactions	H2:CoM-S-S-HTP_oxidoreductase
808	si_0808	8.7	Respiration	Electron donating reactions	Hydrogenases
809	si_0809	0.5	Respiration	Electron donating reactions	Methanophenazine_hydrogenase
810	si_0810	6.3	Respiration	Electron donating reactions	Na(+)-translocating_NADH-quinone_oxidoreductase_and_rnf-like_group_of_electron_transport_complexes
811	si_0811	7.5	Respiration	Electron donating reactions	NiFe_hydrogenase_maturation
812	si_0812	15.4	Respiration	Electron donating reactions	Respiratory_Complex_I
813	si_0813	9	Respiration	Electron donating reactions	Respiratory_dehydrogenases_1
814	si_0814	4.7	Respiration	Electron donating reactions	Succinate_dehydrogenase
815	si_0815	0	Respiration	Sodium Ion-Coupled Energetics	Na+_translocating_decarboxylases_and_related_biotin-dependent_enzymes
816	si_0816	8.5	Respiration	Unclassified respiration	Biogenesis_of_c-type_cytochromes
817	si_0817	0.7	Respiration	Unclassified respiration	Biogenesis_of_cbb3-type_cytochrome_c_oxidases
818	si_0818	4.1	Respiration	Unclassified respiration	Biogenesis_of_cytochrome_c_oxidases
819	si_0819	0.6	Respiration	Unclassified respiration	Carbon_monoxide_dehydrogenase_maturation_factors
820	si_0820	0.8	Respiration	Unclassified respiration	Carbon_monoxide_induced_hydrogenase
821	si_0821	0.2	Respiration	Unclassified respiration	Cytochrome_B6-F_complex
822	si_0822	0	Respiration	Unclassified respiration	Flavocytochrome_C
823	si_0823	17.9	Respiration	Unclassified respiration	Formate_hydrogenase
824	si_0824	0.8	Respiration	Unclassified respiration	Quinone_oxidoreductase_family
825	si_0825	0	Respiration	Unclassified respiration	Reductive_Dechlorination
826	si_0826	2.6	Respiration	Unclassified respiration	Soluble_cytochromes_and_functionally_related_electron_carriers
827	si_0827	4.3	Secondary Metabolism	Aromatic amino acids and derivatives	Cinnamic_Acid_Degradation
828	si_0828	0	Secondary Metabolism	Bacterial cytostatics, differentiation factors and antibiotics	2-isocapryloyl-3R-hydroxymethyl-gamma-butyrolactone_and_other_bacterial_morphogens
829	si_0829	0	Secondary Metabolism	Bacterial cytostatics, differentiation factors and antibiotics	Clavulanic_acid_biosynthesis
830	si_0830	0.1	Secondary Metabolism	Bacterial cytostatics, differentiation factors and antibiotics	Nonribosomal_peptide_synthetases_(NRPS)_in_Frankia_sp._Ccl3
831	si_0831	0.3	Secondary Metabolism	Bacterial cytostatics, differentiation factors and antibiotics	Paerucumarin_Biosynthesis
832	si_0832	0	Secondary Metabolism	Bacterial cytostatics, differentiation factors and antibiotics	Phenazine_biosynthesis
833	si_0833	0	Secondary Metabolism	Biologically active compounds in metazoan cell defence and differentiation	Steroid_sulfates
834	si_0834	0	Secondary Metabolism	Biosynthesis of phenylpropanoids	Apigenin_derivatives
835	si_0835	0	Secondary Metabolism	Biosynthesis of phenylpropanoids	Biflavanoid_biosynthesis
836	si_0836	0	Secondary Metabolism	Biosynthesis of phenylpropanoids	Caffeic_acid_derivatives
837	si_0837	0.1	Secondary Metabolism	Biosynthesis of phenylpropanoids	Flavanone_biosynthesis
838	si_0838	1.2	Secondary Metabolism	Biosynthesis of phenylpropanoids	Phenylpropionate_Degradation
839	si_0839	0	Secondary Metabolism	Biosynthesis of phenylpropanoids	Tannin_biosynthesis
840	si_0840	0	Secondary Metabolism	Plant Alkaloids	Alkaloid_biosynthesis_from_L-lysine
841	si_0841	2.2	Secondary Metabolism	Plant Hormones	Auxin_biosynthesis
842	si_0842	0.2	Secondary Metabolism	Plant Hormones	Auxin_degradation
843	si_0843	4.6	Stress Response	Acid stress	Acid_resistance_mechanisms
844	si_0844	0.2	Stress Response	Acid stress	Glutamate_transporter_involved_in_acid_tolerance_in_Streptococcus
845	si_0845	10	Stress Response	Cold shock	Cold_shock,_CspA_family_of_proteins
846	si_0846	6	Stress Response	Dessication stress	O-antigen_capsule_important_for_environmental_persistence
847	si_0847	0.3	Stress Response	Detoxification	D-tyrosyl-tRNA(Tyr)_deacylase
848	si_0848	5.2	Stress Response	Detoxification	Glutathione-dependent_pathway_of_formaldehyde_detoxification
849	si_0849	4	Stress Response	Detoxification	Tellurite_resistance:_Chromosomal_determinants
850	si_0850	5.6	Stress Response	Detoxification	Uptake_of_selenate_and_selenite
851	si_0851	9.9	Stress Response	Heat shock	Heat_shock_dnaK_gene_cluster_extended
852	si_0852	0	Stress Response	Osmotic stress	Betaine_biosynthesis_from_glycine
853	si_0853	12.8	Stress Response	Osmotic stress	Choline_and_Betaine_Uptake_and_Betaine_Biosynthesis
854	si_0854	0.1	Stress Response	Osmotic stress	Ectoine_biosynthesis_and_regulation
855	si_0855	1.7	Stress Response	Osmotic stress	Osmoprotectant_ABC_transporter_YehZYXW_of_Enterobacteriales
856	si_0856	2.4	Stress Response	Osmotic stress	Osmoregulation
857	si_0857	5	Stress Response	Osmotic stress	Synthesis_of_osmoregulated_periplasmic_glucans
858	si_0858	4.6	Stress Response	Oxidative stress	Glutaredoxins
859	si_0859	1.7	Stress Response	Oxidative stress	Glutathione:_Biosynthesis_and_gamma-glutamyl_cycle
860	si_0860	8.5	Stress Response	Oxidative stress	Glutathione:_Non-redox_reactions
861	si_0861	3.1	Stress Response	Oxidative stress	Glutathione:_Redox_cycle
862	si_0862	1.3	Stress Response	Oxidative stress	Glutathione_analogs:_mycothiol
863	si_0863	3.5	Stress Response	Oxidative stress	Glutathionylspermidine_and_Trypanothione
864	si_0864	19.4	Stress Response	Oxidative stress	Oxidative_stress
865	si_0865	2.2	Stress Response	Oxidative stress	Protection_from_Reactive_Oxygen_Species
866	si_0866	1.4	Stress Response	Oxidative stress	Redox-dependent_regulation_of_nucleus_processes
867	si_0867	3.5	Stress Response	Oxidative stress	Regulation_of_Oxidative_Stress_Response
868	si_0868	1.7	Stress Response	Oxidative stress	Rubrerythrin
869	si_0869	4.5	Stress Response	Periplasmic Stress	Periplasmic_Acid_Stress_Response_in_Enterobacteria
870	si_0870	2.8	Stress Response	Periplasmic Stress	Periplasmic_Stress_Response
871	si_0871	6.4	Stress Response	Unclassified stress response	Bacterial_hemoglobins
872	si_0872	8.4	Stress Response	Unclassified stress response	Carbon_Starvation
873	si_0873	1.2	Stress Response	Unclassified stress response	Commensurate_regulon_activation
874	si_0874	0.5	Stress Response	Unclassified stress response	Dimethylarginine_metabolism
875	si_0875	2.1	Stress Response	Unclassified stress response	Flavohaemoglobin
876	si_0876	4.3	Stress Response	Unclassified stress response	Hfl_operon
877	si_0877	5.3	Stress Response	Unclassified stress response	Phage_shock_protein_(psp)_operon
878	si_0878	2.2	Stress Response	Unclassified stress response	SigmaB_stress_responce_regulation
879	si_0879	0.3	Stress Response	Unclassified stress response	Sugar-phosphate_stress_regulation
880	si_0880	6.3	Stress Response	Unclassified stress response	Universal_stress_protein_family
881	si_0881	9.6	Sulfur Metabolism	Inorganic sulfur assimilation	Inorganic_Sulfur_Assimilation
882	si_0882	7.1	Sulfur Metabolism	Organic sulfur assimilation	Alkanesulfonate_assimilation
883	si_0883	4	Sulfur Metabolism	Organic sulfur assimilation	Alkanesulfonates_Utilization
884	si_0884	0	Sulfur Metabolism	Organic sulfur assimilation	DMSP_breakdown
885	si_0885	1.8	Sulfur Metabolism	Organic sulfur assimilation	L-Cystine_Uptake_and_Metabolism
886	si_0886	4.6	Sulfur Metabolism	Organic sulfur assimilation	Taurine_Utilization
887	si_0887	3.4	Sulfur Metabolism	Organic sulfur assimilation	Utilization_of_glutathione_as_a_sulphur_source
888	si_0888	0	Sulfur Metabolism	Unclassified sulfur metabolism	Dimethylsulfoniopropionate_(DMSP)_mineralization
889	si_0889	2.5	Sulfur Metabolism	Unclassified sulfur metabolism	Galactosylceramide_and_Sulfatide_metabolism
890	si_0890	0	Sulfur Metabolism	Unclassified sulfur metabolism	Release_of_Dimethyl_Sulfide_(DMS)_from_Dimethylsulfoniopropionate_(DMSP)
891	si_0891	0.8	Sulfur Metabolism	Unclassified sulfur metabolism	Sulfate_reduction-associated_complexes
892	si_0892	0	Sulfur Metabolism	Unclassified sulfur metabolism	Sulfur_oxidation
893	si_0893	3.5	Sulfur Metabolism	Unclassified sulfur metabolism	Thioredoxin-disulfide_reductase
894	si_0894	9.4	Virulence	Adhesion	Type_1_pili_(mannose-sensitive_fimbriae)
895	si_0895	1.1	Virulence	Fimbriae of the Chaperone/Usher Assembly Pathway	&#945;-Fimbriae
896	si_0896	0	Virulence	Fimbriae of the Chaperone/Usher Assembly Pathway	&#945;-related_Fimbriae_in_Yersinia
897	si_0897	2.5	Virulence	Fimbriae of the Chaperone/Usher Assembly Pathway	&#946;-Fimbriae
898	si_0898	0	Virulence	Fimbriae of the Chaperone/Usher Assembly Pathway	&#954;-Fimbriae
899	si_0899	0.1	Virulence	Fimbriae of the Chaperone/Usher Assembly Pathway	&#963;-Fimbriae
900	si_0900	0	Virulence	Quorum sensing and biofilm formation	Acyl_Homoserine_Lactone_(AHL)_Autoinducer_Quorum_Sensing_
901	si_0901	1.2	Virulence	Resistance to antibiotics and toxic compounds	BlaR1_Family_Regulatory_Sensor-transducer_Disambiguation
902	si_0902	0.2	Virulence	Resistance to antibiotics and toxic compounds	Erythromycin_resistance
903	si_0903	0.2	Virulence	Resistance to antibiotics and toxic compounds	Polymyxin_Synthetase_Gene_Cluster_in_Bacillus
904	si_0904	0	Virulence	Toxins and superantigens	Diphtheria_toxin
905	si_0905	0	Virulence	Toxins and superantigens	Streptococcus_agalactiae_hemolysin_operon
906	si_0906	1.7	Virulence	Type III, Type IV, Type VI, ESAT secretion systems	Type_4_secretion_and_conjugative_transfer
907	si_0907	0.1	Virulence	Unclassified virulence	Streptococcus_agalactiae_virulome
908	si_0908	0	Virulence, Disease and Defense	Adhesion	Accessory_colonization_factor
909	si_0909	0.7	Virulence, Disease and Defense	Adhesion	Adhesins_in_Staphylococcus
910	si_0910	0.2	Virulence, Disease and Defense	Adhesion	Adhesion_of_Campylobacter
911	si_0911	0	Virulence, Disease and Defense	Adhesion	Decorin_binding_proteins_of_Borrelia
912	si_0912	4.7	Virulence, Disease and Defense	Adhesion	Mediator_of_hyperadherence_YidE_in_Enterobacteria_and_its_conserved_region
913	si_0913	0	Virulence, Disease and Defense	Adhesion	Streptococcus_pyogenes_recombinatorial_zone
914	si_0914	1.3	Virulence, Disease and Defense	Bacteriocins, ribosomally synthesized antibacterial peptides	Bacitracin_Stress_Response
915	si_0915	0	Virulence, Disease and Defense	Bacteriocins, ribosomally synthesized antibacterial peptides	Bacteriocin-like_peptides_Blp
916	si_0916	0	Virulence, Disease and Defense	Bacteriocins, ribosomally synthesized antibacterial peptides	Marinocine,_a_broad-spectrum_antibacterial_protein
917	si_0917	3	Virulence, Disease and Defense	Bacteriocins, ribosomally synthesized antibacterial peptides	Tolerance_to_colicin_E2
918	si_0918	2.3	Virulence, Disease and Defense	Detection	MLST
919	si_0919	0.3	Virulence, Disease and Defense	Invasion and intracellular resistance	Cytolysin_and_Lipase_operon_in_Vibrio
920	si_0920	0	Virulence, Disease and Defense	Invasion and intracellular resistance	Gram-Positive_Extracellular_Nucleases
921	si_0921	1	Virulence, Disease and Defense	Invasion and intracellular resistance	Listeria_surface_proteins:_Internalin-like_proteins
922	si_0922	0	Virulence, Disease and Defense	Invasion and intracellular resistance	Listeria_surface_proteins:_LPXTG_motif
923	si_0923	0.4	Virulence, Disease and Defense	Invasion and intracellular resistance	Salmonella_invasion_locus
924	si_0924	2.3	Virulence, Disease and Defense	Resistance to antibiotics and toxic compounds	Adaptation_to_d-cysteine
925	si_0925	0.1	Virulence, Disease and Defense	Resistance to antibiotics and toxic compounds	Aminoglycoside_adenylyltransferases
926	si_0926	6.4	Virulence, Disease and Defense	Resistance to antibiotics and toxic compounds	Arsenic_resistance
927	si_0927	1.4	Virulence, Disease and Defense	Resistance to antibiotics and toxic compounds	Beta-lactamase
928	si_0928	0.4	Virulence, Disease and Defense	Resistance to antibiotics and toxic compounds	Cadmium_resistance
929	si_0929	16.5	Virulence, Disease and Defense	Resistance to antibiotics and toxic compounds	Cobalt-zinc-cadmium_resistance
930	si_0930	8.6	Virulence, Disease and Defense	Resistance to antibiotics and toxic compounds	Copper_homeostasis
931	si_0931	0	Virulence, Disease and Defense	Resistance to antibiotics and toxic compounds	Fosfomycin_resistance
932	si_0932	2	Virulence, Disease and Defense	Resistance to antibiotics and toxic compounds	Lysozyme_inhibitors
933	si_0933	0.3	Virulence, Disease and Defense	Resistance to antibiotics and toxic compounds	Mercuric_reductase
934	si_0934	0.3	Virulence, Disease and Defense	Resistance to antibiotics and toxic compounds	Mercury_resistance_operon
935	si_0935	4	Virulence, Disease and Defense	Resistance to antibiotics and toxic compounds	Methicillin_resistance_in_Staphylococci
936	si_0936	1.4	Virulence, Disease and Defense	Resistance to antibiotics and toxic compounds	MexA-MexB-OprM_Multidrug_Efflux_System
937	si_0937	0	Virulence, Disease and Defense	Resistance to antibiotics and toxic compounds	MexC-MexD-OprJ_Multidrug_Efflux_System
938	si_0938	0.3	Virulence, Disease and Defense	Resistance to antibiotics and toxic compounds	MexE-MexF-OprN_Multidrug_Efflux_System
939	si_0939	17.1	Virulence, Disease and Defense	Resistance to antibiotics and toxic compounds	Multidrug_Resistance_Efflux_Pumps
940	si_0940	0	Virulence, Disease and Defense	Resistance to antibiotics and toxic compounds	Multidrug_Resistance_Operon_mdtRP_of_Bacillus
941	si_0941	0.6	Virulence, Disease and Defense	Resistance to antibiotics and toxic compounds	Multidrug_efflux_pump_in_Campylobacter_jejuni_(CmeABC_operon)
942	si_0942	3.7	Virulence, Disease and Defense	Resistance to antibiotics and toxic compounds	Multiple_Antibiotic_Resistance_MAR_locus
943	si_0943	0.4	Virulence, Disease and Defense	Resistance to antibiotics and toxic compounds	Resistance_to_Vancomycin
944	si_0944	0	Virulence, Disease and Defense	Resistance to antibiotics and toxic compounds	Resistance_to_chromium_compounds
945	si_0945	2.6	Virulence, Disease and Defense	Resistance to antibiotics and toxic compounds	Resistance_to_fluoroquinolones
946	si_0946	0.6	Virulence, Disease and Defense	Resistance to antibiotics and toxic compounds	Streptococcus_pneumoniae_Vancomycin_Tolerance_Locus
947	si_0947	0	Virulence, Disease and Defense	Resistance to antibiotics and toxic compounds	Streptothricin_resistance
948	si_0948	0	Virulence, Disease and Defense	Resistance to antibiotics and toxic compounds	Teicoplanin-resistance_in_Staphylococcus
949	si_0949	4.1	Virulence, Disease and Defense	Resistance to antibiotics and toxic compounds	The_mdtABCD_multidrug_resistance_cluster
950	si_0950	2.7	Virulence, Disease and Defense	Resistance to antibiotics and toxic compounds	Zinc_resistance
951	si_0951	0	Virulence, Disease and Defense	Toxins and superantigens	Cholera_toxin
952	si_0952	0	Virulence, Disease and Defense	Toxins and superantigens	Cytolethal_distending_toxin_of_Campylobacter_jejuni
953	si_0953	0	Virulence, Disease and Defense	Toxins and superantigens	Cytolethal_distending_toxins
954	si_0954	0	Virulence, Disease and Defense	Toxins and superantigens	Pertussis_toxin
955	si_0955	0	Virulence, Disease and Defense	Toxins and superantigens	Prophage-encoded_Exotoxins
956	si_0956	0	Virulence, Disease and Defense	Toxins and superantigens	SLO-NADGH_Locus
957	si_0957	0	Virulence, Disease and Defense	Toxins and superantigens	Staphylococcus_Two-component_and_Pore-forming_Cytolysins
958	si_0958	0.1	Virulence, Disease and Defense	Toxins and superantigens	Streptolysin_S_Biosynthesis_and_Transport
959	si_0959	3	Virulence, Disease and Defense	Unclassified virulence, disease and defense	Bacterial_cyanide_production_and_tolerance_mechanisms
960	si_0960	0.3	Virulence, Disease and Defense	Unclassified virulence, disease and defense	C_jejuni_colonization_of_chick_caeca
961	si_0961	0.2	Virulence, Disease and Defense	Unclassified virulence, disease and defense	Streptococcus_pyogenes_Virulome
962	si_0962	27.5	Ribosome	Ribosome	Ribosome
963	si_0963	1351	No Function Match	No Function Match	None
